account_id,user_id,yearly_income,total_debt,credit_score,num_credit_cards
1,825,$59696,$127613,787,5
2,1746,$77254,$191349,701,5
3,1718,$33483,$196,698,5
4,708,$249925,$202328,722,4
5,1164,$109687,$183855,675,1
6,68,$41997,$0,704,3
7,1075,$51500,$102286,672,3
8,1711,$54623,$114711,728,1
9,1116,$42509,$2895,755,5
10,1752,$38190,$81262,810,1
11,192,$56164,$15224,761,2
12,640,$45727,$94016,629,1
13,1679,$69149,$89214,776,1
14,1094,$41442,$78833,712,3
15,1590,$20513,$32509,599,1
16,1660,$23123,$5079,723,6
17,1747,$36497,$38333,719,6
18,153,$27484,$16803,660,4
19,429,$53995,$89056,683,3
20,511,$35602,$55369,661,5
21,309,$25122,$43205,819,3
22,777,$216740,$0,700,2
23,1946,$41109,$21486,698,2
24,1674,$26858,$11245,712,2
25,482,$34929,$63849,714,1
26,877,$34317,$61826,610,3
27,128,$31377,$59615,722,2
28,775,$43638,$104052,627,1
29,1536,$32531,$38260,766,2
30,140,$42120,$72801,739,4
31,1884,$57281,$89114,850,1
32,1874,$38390,$87923,783,4
33,1310,$35670,$58182,751,2
34,1689,$61746,$154817,637,2
35,379,$43496,$114563,765,3
36,34,$51854,$72162,737,2
37,822,$34540,$22641,793,5
38,1499,$41287,$88151,662,1
39,1780,$38054,$63293,666,1
40,1806,$80371,$108499,822,1
41,811,$84694,$2149,741,7
42,1844,$37503,$14272,706,5
43,1852,$65357,$21844,685,4
44,1231,$22066,$38967,842,1
45,970,$44681,$42011,770,3
46,381,$51306,$68198,675,1
47,1134,$25847,$46379,568,1
48,1296,$46683,$93126,788,5
49,1880,$31579,$52419,771,3
50,322,$28055,$12475,829,3
51,461,$65403,$80057,784,4
52,1165,$27572,$59404,797,1
53,1448,$38539,$0,850,3
54,1288,$38059,$68220,634,2
55,1178,$52754,$38191,693,5
56,1391,$51196,$67164,631,4
57,838,$49713,$91776,763,1
58,54,$44160,$134173,696,3
59,1452,$193773,$241571,660,1
60,1602,$29864,$44902,717,2
61,1938,$57367,$115418,795,2
62,1492,$56635,$13015,786,8
63,688,$47227,$151030,760,4
64,749,$24574,$80667,674,3
65,643,$43397,$42168,697,2
66,1219,$58105,$70254,688,3
67,1198,$10869,$1820,820,2
68,898,$19893,$1712,566,3
69,882,$36743,$71719,612,2
70,348,$46377,$79980,719,3
71,633,$50179,$110515,743,1
72,1493,$54537,$121987,765,4
73,1161,$49255,$6557,823,2
74,217,$31031,$21853,744,7
75,1877,$70673,$87605,714,4
76,668,$16342,$1758,747,5
77,533,$30961,$42597,677,1
78,203,$30305,$23392,776,3
79,1738,$68784,$198417,696,4
80,713,$34745,$26503,691,4
81,1631,$64715,$174664,740,3
82,1487,$80464,$76261,727,3
83,1265,$49748,$23161,748,1
84,370,$41904,$12545,655,4
85,1014,$196784,$437533,729,3
86,290,$100837,$61377,687,2
87,985,$51654,$95454,600,4
88,135,$38088,$51679,691,2
89,307,$36866,$0,680,2
90,1783,$37607,$63689,749,5
91,1321,$34480,$58795,696,1
92,1511,$48279,$114254,719,2
93,900,$32896,$69800,735,2
94,953,$29909,$42832,664,2
95,233,$47464,$83591,716,1
96,406,$85128,$108678,641,1
97,1069,$45852,$114746,615,2
98,180,$26556,$43042,840,2
99,996,$40194,$107765,738,6
100,1866,$62135,$75209,676,2
101,1981,$39303,$23650,702,7
102,870,$71593,$132181,821,3
103,16,$22158,$19101,681,5
104,46,$53996,$98211,632,4
105,800,$26025,$23971,723,4
106,1968,$63816,$100128,775,1
107,697,$66230,$90248,742,3
108,1269,$36335,$28929,676,2
109,1782,$39633,$58586,777,3
110,1977,$57185,$0,773,3
111,1734,$82637,$84762,739,2
112,1913,$31121,$32768,619,5
113,858,$30774,$51428,700,3
114,606,$33236,$57549,747,1
115,1564,$37947,$49951,683,3
116,1109,$43875,$128146,639,1
117,1301,$61850,$81158,728,9
118,1399,$40314,$131348,707,4
119,1775,$37968,$55982,788,3
120,1673,$34954,$45456,772,3
121,1957,$95945,$222735,772,2
122,1033,$33844,$42109,684,2
123,1024,$65573,$143069,739,4
124,1441,$48609,$43520,737,3
125,1103,$25723,$34007,746,3
126,431,$51984,$79152,691,3
127,165,$107683,$225017,694,3
128,353,$32847,$33514,721,2
129,1758,$22556,$43260,645,4
130,1266,$46063,$106528,618,1
131,1943,$95348,$71972,706,3
132,792,$45180,$13168,698,2
133,1055,$30865,$55079,594,1
134,1159,$41543,$49021,732,4
135,1115,$30198,$40950,693,6
136,38,$40006,$72794,621,1
137,1027,$61646,$0,693,3
138,11,$67643,$0,714,6
139,871,$22650,$0,690,6
140,746,$30288,$42745,689,4
141,1520,$47213,$1082,789,5
142,1372,$28215,$18116,697,2
143,1799,$105515,$192458,646,4
144,1905,$28489,$6087,808,4
145,130,$81048,$156195,781,4
146,1990,$47263,$74853,726,2
147,593,$33816,$77770,635,1
148,540,$32160,$62803,634,1
149,1155,$29494,$1196,689,5
150,663,$70554,$39078,655,5
151,1987,$33686,$24997,488,2
152,1484,$57732,$2261,726,6
153,417,$21879,$69638,762,1
154,298,$51041,$106989,686,1
155,306,$70380,$106797,725,2
156,607,$42617,$67590,771,5
157,1769,$46031,$8332,661,5
158,698,$65094,$23909,699,3
159,896,$37268,$50388,626,1
160,1975,$38972,$44098,738,3
161,645,$26661,$42667,750,5
162,227,$82295,$1555,736,4
163,84,$25748,$41455,738,3
164,1684,$27861,$108313,782,5
165,745,$48561,$0,752,1
166,1508,$38999,$64875,747,4
167,1158,$33112,$56040,716,2
168,1427,$100880,$210445,770,1
169,352,$37058,$50548,680,2
170,1948,$47234,$89154,685,3
171,724,$35142,$107898,731,4
172,543,$30721,$49961,749,3
173,1559,$58846,$126806,746,3
174,1199,$39069,$63884,720,2
175,1745,$49449,$30723,728,3
176,1950,$22312,$39445,720,5
177,1397,$36388,$92949,710,4
178,873,$45037,$31792,710,3
179,1728,$38615,$74337,601,4
180,299,$28229,$55675,622,5
181,1742,$50232,$1218,751,4
182,1004,$34350,$61639,705,3
183,301,$52308,$135319,679,1
184,1011,$32061,$58904,676,1
185,906,$21154,$5764,705,6
186,110,$52186,$42852,737,4
187,1073,$35264,$70328,770,2
188,705,$79870,$4031,609,2
189,820,$41902,$29713,633,5
190,1188,$63969,$128412,626,1
191,1128,$34606,$23909,680,5
192,1479,$26631,$33950,805,1
193,1594,$35978,$49366,643,3
194,1485,$49756,$89743,618,4
195,1390,$60897,$85771,850,3
196,644,$41963,$53857,741,1
197,1912,$44976,$134335,684,1
198,1584,$46733,$34333,692,2
199,1803,$47160,$64193,578,1
200,1824,$50433,$97029,838,3
201,340,$51713,$86165,809,1
202,650,$24215,$28552,707,6
203,762,$37298,$52134,683,1
204,1061,$40457,$68826,739,1
205,1931,$82974,$181429,503,2
206,702,$71103,$136853,721,4
207,918,$29194,$10895,703,2
208,1137,$33465,$98713,669,3
209,66,$31314,$40331,721,4
210,1406,$23718,$1386,712,2
211,437,$72670,$28915,718,3
212,806,$77972,$6128,686,3
213,891,$34854,$40722,746,5
214,1191,$36902,$60538,711,1
215,701,$53984,$76118,701,1
216,1147,$104692,$6955,704,2
217,1625,$101191,$290730,659,1
218,1664,$69566,$50003,791,4
219,1273,$49382,$43126,762,1
220,1009,$28733,$0,702,3
221,1341,$30349,$2985,686,4
222,925,$58538,$93153,610,1
223,824,$36901,$23293,695,4
224,563,$49531,$6707,737,6
225,1612,$35370,$14777,562,1
226,1700,$38666,$116783,822,1
227,963,$41714,$54541,687,3
228,904,$24505,$52405,759,1
229,1586,$56640,$104134,672,4
230,1286,$61578,$85383,602,2
231,719,$50139,$109623,767,3
232,1469,$34646,$54205,759,1
233,930,$25024,$29227,691,2
234,1814,$32856,$26535,703,3
235,1723,$36080,$80443,839,3
236,1377,$29637,$56446,569,3
237,470,$28553,$94214,747,3
238,1804,$43499,$108468,701,4
239,229,$59248,$173887,725,5
240,1512,$67008,$81402,778,8
241,1543,$105963,$106266,684,4
242,147,$56383,$130152,800,4
243,1941,$38609,$27463,740,3
244,901,$36671,$39882,850,3
245,191,$39860,$112825,728,1
246,12,$37785,$58187,748,1
247,1828,$2466,$5521,711,2
248,29,$27358,$13557,665,2
249,181,$51024,$181184,602,1
250,995,$101679,$307856,592,1
251,1218,$27801,$0,754,1
252,186,$38536,$72299,705,1
253,171,$49577,$142314,694,3
254,1401,$36672,$49660,739,2
255,1314,$39404,$71859,723,5
256,1560,$18452,$16827,741,6
257,613,$56562,$111495,712,4
258,346,$48580,$1785,687,7
259,812,$41469,$119423,659,1
260,13,$32378,$65919,588,4
261,602,$34437,$0,681,4
262,657,$33897,$533,705,4
263,909,$49023,$66148,583,5
264,183,$38609,$39867,798,3
265,1792,$30712,$38054,723,2
266,1599,$32645,$59851,790,3
267,1267,$31912,$2182,630,4
268,411,$37521,$65701,775,2
269,350,$58463,$141151,737,4
270,1323,$31414,$42233,719,4
271,934,$41106,$106963,762,3
272,421,$45876,$58252,790,7
273,223,$58637,$87340,803,6
274,1402,$96574,$265319,590,3
275,1650,$44128,$142368,687,3
276,354,$31942,$11845,713,6
277,314,$57927,$87736,557,1
278,1457,$45725,$102164,688,4
279,1613,$44134,$0,792,4
280,945,$56579,$79726,705,2
281,586,$46864,$58954,751,4
282,119,$56605,$87970,624,3
283,1312,$51209,$76900,765,1
284,1529,$76305,$112785,692,3
285,326,$61325,$83899,652,1
286,1596,$31772,$17286,734,4
287,714,$73383,$155191,760,2
288,887,$53287,$51026,816,4
289,1425,$19225,$1644,809,8
290,1645,$60541,$160456,716,3
291,1863,$44124,$107162,850,1
292,1576,$36764,$839,712,8
293,1268,$29597,$44388,513,4
294,1565,$38656,$47523,584,1
295,1842,$31373,$58481,637,2
296,664,$33681,$78326,697,2
297,485,$38211,$84427,665,2
298,244,$26802,$43444,638,2
299,145,$25334,$182,696,3
300,866,$61904,$125358,639,3
301,1424,$15348,$1396,761,4
302,427,$32527,$74331,705,3
303,684,$44170,$90049,661,7
304,1643,$46077,$101450,686,1
305,1300,$23092,$20545,752,4
306,283,$30710,$30956,680,2
307,355,$40491,$81879,691,2
308,1669,$51454,$151162,698,4
309,937,$94133,$189899,603,1
310,845,$36710,$116794,786,5
311,1518,$37785,$81500,745,3
312,1591,$33717,$58236,698,6
313,1172,$29994,$100834,769,1
314,1629,$29422,$58679,598,1
315,675,$35489,$91995,724,5
316,577,$33106,$108695,763,2
317,854,$59699,$71110,688,1
318,1261,$68787,$171854,527,1
319,1227,$67344,$7049,804,4
320,840,$88432,$63075,694,6
321,733,$53138,$153374,606,4
322,454,$38523,$49,751,5
323,961,$26660,$28332,721,4
324,768,$69412,$177225,620,1
325,817,$65888,$162364,803,2
326,78,$25205,$65179,688,1
327,1334,$39627,$47793,718,4
328,1610,$27967,$50159,690,2
329,108,$38142,$0,768,4
330,1308,$58964,$71890,619,1
331,780,$58378,$73124,652,1
332,1340,$53872,$64269,691,5
333,1888,$41513,$15899,748,3
334,247,$54587,$69070,761,6
335,238,$41595,$54451,675,1
336,915,$44953,$97076,728,1
337,1927,$35199,$68569,739,2
338,1658,$28324,$62363,695,2
339,1208,$33387,$69066,526,3
340,1255,$31006,$71031,681,2
341,85,$32636,$42290,782,1
342,1382,$25883,$44404,706,4
343,1932,$19069,$23153,658,1
344,1217,$44992,$53368,785,3
345,514,$32295,$72357,698,4
346,232,$69159,$135111,786,3
347,445,$12643,$19299,645,1
348,1206,$87030,$161964,727,3
349,1276,$41793,$1141,730,5
350,875,$41907,$87163,728,4
351,1546,$40336,$144284,668,4
352,422,$31683,$46987,817,4
353,519,$39508,$18870,770,4
354,1408,$24859,$43986,683,2
355,1204,$69440,$129944,743,3
356,276,$21666,$38058,610,2
357,1133,$46599,$12700,684,4
358,1035,$50525,$118160,701,2
359,710,$52397,$72810,729,3
360,582,$39222,$66559,583,3
361,821,$18015,$10463,645,2
362,1352,$42102,$9645,672,3
363,831,$37316,$37515,726,2
364,936,$41717,$27174,718,5
365,578,$20797,$10127,777,1
366,1997,$38800,$25867,758,7
367,258,$29622,$17385,694,3
368,851,$31399,$2528,757,4
369,1951,$63355,$0,708,5
370,1978,$31197,$84749,844,2
371,1897,$104049,$247623,741,2
372,972,$50177,$101323,681,4
373,1010,$34344,$48931,548,1
374,1243,$34884,$26799,705,5
375,1976,$56897,$0,699,5
376,91,$72647,$90579,739,1
377,1606,$51755,$88605,806,1
378,1201,$115465,$195657,715,4
379,1887,$35731,$71825,503,2
380,195,$64936,$107755,688,2
381,874,$62711,$68777,798,3
382,1317,$30910,$42507,749,4
383,1311,$43264,$89798,729,1
384,785,$48909,$71310,740,2
385,662,$85694,$120733,822,2
386,847,$27864,$1371,591,6
387,685,$44513,$105303,778,6
388,617,$58026,$133169,691,1
389,23,$63600,$102773,645,1
390,339,$31797,$5400,843,2
391,280,$44585,$81825,684,5
392,1473,$41427,$53773,850,3
393,65,$34517,$74143,645,2
394,1353,$43294,$104521,816,7
395,736,$61317,$0,741,3
396,1670,$50184,$27778,732,4
397,1776,$43133,$44263,693,3
398,1474,$44361,$71031,705,1
399,951,$26664,$12241,709,4
400,1818,$41843,$1741,500,3
401,1450,$49952,$95184,780,1
402,1524,$99883,$171034,732,1
403,1789,$38527,$36933,684,2
404,767,$36729,$48624,686,3
405,678,$29477,$56355,850,4
406,471,$71645,$155006,629,3
407,757,$46232,$68957,691,4
408,1724,$36775,$102641,850,3
409,1603,$38812,$16331,762,4
410,224,$40130,$55801,798,1
411,808,$36045,$0,683,3
412,1326,$66489,$83828,731,2
413,158,$41475,$0,747,2
414,1928,$55682,$82696,750,4
415,1575,$57646,$127892,724,4
416,1608,$39556,$132573,572,1
417,1455,$34330,$15223,713,4
418,1916,$10142,$1809,767,7
419,1617,$76867,$118029,659,1
420,143,$52379,$107734,771,3
421,1176,$57348,$119230,527,3
422,1194,$38041,$27813,782,4
423,423,$53053,$42396,696,2
424,580,$36857,$3112,768,3
425,4,$76431,$115362,716,5
426,530,$18100,$0,682,6
427,1826,$16628,$33926,654,1
428,595,$29041,$4427,699,4
429,1022,$35876,$50190,635,3
430,1108,$81995,$133788,685,2
431,246,$82298,$0,791,4
432,270,$61916,$165886,655,4
433,1945,$30042,$9208,727,4
434,1540,$44839,$63194,625,3
435,1149,$60638,$132252,661,1
436,1438,$30049,$80474,700,1
437,409,$29699,$6569,711,3
438,694,$41836,$60302,615,2
439,382,$23103,$63635,681,3
440,629,$57513,$11755,793,5
441,1211,$38249,$0,746,4
442,823,$41496,$9222,807,2
443,1304,$90812,$175569,850,3
444,89,$30217,$23394,705,4
445,1751,$61581,$241312,736,2
446,888,$33566,$96597,698,1
447,81,$35560,$60397,723,5
448,1021,$64630,$92847,751,2
449,826,$57705,$22475,684,3
450,87,$24155,$2870,802,3
451,1833,$35026,$11468,743,5
452,829,$36404,$11745,726,3
453,1879,$38179,$50559,609,2
454,236,$161276,$317964,540,1
455,1619,$32086,$53595,747,4
456,1146,$37505,$57014,714,3
457,803,$46487,$57336,635,3
458,193,$37891,$66163,749,1
459,1686,$61312,$25355,708,3
460,1959,$52130,$80367,701,1
461,1342,$40744,$50803,717,1
462,1371,$49529,$1385,689,6
463,1067,$41790,$24676,719,5
464,1019,$29928,$2028,713,4
465,1568,$42976,$58765,748,3
466,1765,$32126,$56283,770,3
467,1875,$45202,$71022,683,4
468,1111,$34907,$64107,742,3
469,1160,$34591,$65770,688,2
470,1574,$31933,$65405,746,1
471,189,$52165,$97248,730,4
472,466,$29519,$45597,643,3
473,659,$32583,$12501,812,7
474,942,$59139,$128870,742,4
475,1234,$62185,$114235,749,1
476,841,$35800,$65841,753,2
477,1388,$72485,$31605,691,2
478,1056,$52036,$26232,703,3
479,345,$35499,$80517,724,1
480,308,$31015,$103094,737,2
481,1922,$53222,$23051,640,1
482,1156,$280199,$91367,752,5
483,561,$36853,$112139,834,5
484,507,$37497,$0,695,1
485,1522,$31828,$3777,593,3
486,695,$71866,$132580,662,1
487,285,$34496,$33122,731,5
488,113,$39003,$10793,788,5
489,1039,$11566,$9102,536,4
490,176,$52172,$66085,667,4
491,1104,$40141,$805,850,6
492,946,$39733,$79302,781,4
493,1465,$51651,$22705,801,3
494,25,$49190,$122458,630,1
495,571,$36711,$84949,739,4
496,1396,$46344,$66994,732,3
497,599,$100991,$0,722,3
498,1074,$32819,$25393,826,5
499,214,$47803,$81929,652,1
500,771,$38661,$88636,765,3
501,520,$57658,$74288,766,5
502,288,$22249,$20420,789,3
503,1979,$64647,$58250,738,4
504,1253,$58749,$113308,768,6
505,311,$29510,$47153,752,4
506,1346,$36672,$99454,655,2
507,1622,$79271,$211919,759,1
508,852,$40156,$70128,738,3
509,1394,$57853,$131828,558,4
510,957,$37789,$24575,605,3
511,515,$41865,$60911,676,4
512,1303,$61937,$138153,684,7
513,1287,$32274,$72974,545,1
514,296,$75785,$117920,814,3
515,1059,$45560,$79660,644,3
516,1378,$40810,$65643,614,4
517,1297,$38371,$50530,703,3
518,1727,$48762,$143208,771,6
519,310,$58435,$134789,666,2
520,673,$39124,$66231,722,4
521,1283,$63673,$147913,591,4
522,1239,$38081,$28613,811,4
523,1691,$29450,$36002,692,1
524,1078,$57576,$161107,589,2
525,124,$34311,$6971,680,4
526,99,$54095,$76109,753,3
527,1722,$24648,$32962,600,1
528,562,$66863,$89031,673,1
529,750,$30165,$36972,694,2
530,1223,$189490,$448929,717,3
531,1319,$48582,$189348,546,1
532,575,$26476,$406,813,5
533,428,$56486,$116394,689,2
534,828,$35906,$69819,659,3
535,1580,$55587,$151141,621,2
536,1570,$36733,$0,761,3
537,846,$67761,$0,745,4
538,666,$36282,$14141,725,1
539,335,$56467,$66565,688,3
540,639,$37645,$46298,654,4
541,386,$49967,$62509,655,1
542,886,$64548,$14864,726,1
543,297,$28421,$77772,738,1
544,1860,$35213,$87653,719,3
545,581,$29962,$55000,684,3
546,1910,$35868,$48465,562,4
547,731,$38193,$39874,703,3
548,21,$43084,$0,850,3
549,273,$37415,$66403,665,1
550,63,$35418,$51741,660,6
551,786,$31259,$40701,798,2
552,1886,$41255,$85439,683,2
553,103,$34774,$78060,850,5
554,1193,$51717,$418,717,5
555,585,$41483,$64715,584,1
556,1532,$34825,$65082,759,1
557,1958,$37346,$64030,680,5
558,744,$44699,$21685,842,5
559,1836,$17316,$26872,748,1
560,477,$49467,$77465,697,5
561,1713,$34242,$0,837,1
562,1506,$70502,$90003,614,2
563,357,$80156,$61817,735,4
564,535,$49737,$136056,643,1
565,778,$31003,$23000,699,3
566,950,$29376,$51428,629,1
567,1080,$29413,$46043,703,2
568,1197,$55684,$114269,722,3
569,711,$40894,$51844,657,1
570,1731,$47242,$62224,704,6
571,451,$28951,$56777,711,2
572,1290,$66428,$197102,669,2
573,1817,$73920,$166395,683,1
574,56,$21490,$32587,682,2
575,1383,$59938,$36978,670,1
576,1915,$52062,$97881,775,4
577,1882,$59322,$145137,694,3
578,1467,$53254,$131334,736,1
579,1791,$32716,$46919,593,3
580,447,$30977,$21507,796,5
581,1640,$34954,$5942,729,3
582,636,$24372,$63295,793,4
583,782,$37169,$93844,722,3
584,316,$39871,$73726,719,4
585,1192,$40026,$70877,768,1
586,787,$71740,$38238,767,2
587,251,$41087,$22720,695,2
588,1351,$58579,$94998,808,1
589,490,$33426,$1852,699,4
590,1935,$44862,$78350,750,3
591,387,$45388,$64749,723,1
592,869,$34220,$0,745,5
593,1865,$118862,$276156,782,1
594,268,$60265,$80939,582,3
595,1124,$23740,$4313,841,3
596,721,$38386,$74820,850,6
597,813,$38872,$86648,585,1
598,152,$49335,$51520,773,3
599,1896,$40246,$74352,641,5
600,1028,$81122,$112394,682,5
601,922,$29265,$37375,647,1
602,549,$62304,$113416,719,4
603,565,$43598,$15891,757,4
604,1980,$46603,$57177,612,1
605,1494,$28931,$34511,711,4
606,1809,$73208,$115827,664,6
607,637,$77288,$46160,771,4
608,1770,$37544,$15489,703,4
609,527,$40628,$66552,636,1
610,1139,$31469,$53555,645,1
611,1459,$31369,$0,707,3
612,1544,$33339,$83353,679,2
613,1174,$41338,$90737,772,1
614,112,$35114,$24637,686,5
615,369,$51499,$7226,788,4
616,994,$9795,$396,771,7
617,1592,$95045,$132371,708,3
618,1029,$36589,$86573,676,3
619,1680,$58959,$109358,598,2
620,1052,$28210,$22961,655,2
621,494,$56347,$32530,779,3
622,94,$36760,$95755,593,2
623,425,$59482,$130605,688,4
624,1720,$24827,$60261,590,1
625,1699,$52929,$37514,737,7
626,1495,$63433,$122550,770,7
627,1005,$39485,$144101,685,1
628,439,$51938,$97252,697,2
629,1285,$65298,$18684,524,2
630,1973,$32520,$29433,731,4
631,448,$39472,$82626,698,1
632,1907,$34457,$48966,666,2
633,73,$53478,$73030,674,3
634,1097,$32343,$59006,732,3
635,1644,$31943,$1248,686,6
636,967,$32789,$47679,699,2
637,1929,$41873,$76725,717,1
638,1114,$37115,$58438,685,3
639,1087,$30997,$81716,722,2
640,95,$88554,$142154,701,2
641,1778,$29682,$65845,659,2
642,1031,$53762,$37361,689,8
643,788,$54477,$72241,802,2
644,728,$33076,$50117,721,3
645,1639,$49595,$68057,676,1
646,1587,$82019,$64583,695,3
647,1883,$51942,$22839,723,4
648,712,$29130,$8746,720,5
649,1414,$13937,$3854,783,4
650,243,$38158,$80609,666,1
651,146,$68710,$201796,717,3
652,715,$100303,$53919,821,2
653,1489,$50980,$87715,691,1
654,1232,$46810,$0,747,2
655,842,$103185,$206422,564,1
656,486,$46704,$91946,810,1
657,763,$103126,$130160,642,1
658,154,$37468,$73448,666,3
659,704,$112695,$35135,840,6
660,1409,$44181,$82622,701,1
661,1601,$67820,$86177,628,2
662,729,$24884,$1828,850,6
663,1016,$553,$740,719,3
664,1214,$72470,$133421,711,2
665,1760,$36081,$118151,682,2
666,927,$59375,$0,729,2
667,1667,$48491,$158871,588,1
668,1796,$30867,$12686,794,3
669,179,$39974,$64403,652,2
670,395,$49611,$110543,739,4
671,513,$35856,$73257,712,4
672,187,$35760,$62768,830,1
673,491,$27013,$58806,651,3
674,1153,$58006,$20196,774,1
675,377,$39110,$363,750,5
676,850,$40087,$17392,712,2
677,1186,$35891,$87749,577,3
678,1694,$74753,$1585,726,5
679,716,$26511,$21869,769,6
680,1131,$19682,$0,683,4
681,1719,$23217,$2559,616,3
682,254,$67589,$0,734,3
683,226,$92960,$64167,724,3
684,1307,$87030,$156474,646,5
685,1095,$22918,$11371,750,5
686,1729,$49842,$79750,698,1
687,1466,$35933,$23451,812,2
688,1226,$36860,$65049,714,3
689,1755,$28269,$66681,734,6
690,475,$40426,$76199,727,1
691,1956,$37371,$3378,739,4
692,706,$67589,$106072,602,2
693,474,$80957,$161166,683,6
694,1259,$192269,$100192,700,6
695,320,$35641,$64419,625,2
696,93,$28696,$52910,686,4
697,1182,$38153,$92466,658,1
698,150,$71490,$0,782,3
699,1327,$43006,$26144,688,2
700,784,$49523,$89129,688,4
701,1471,$21876,$20169,786,2
702,367,$44843,$67179,756,2
703,1050,$35938,$47204,670,3
704,207,$28553,$19507,745,5
705,1838,$39803,$53607,695,1
706,798,$49076,$56547,715,4
707,1207,$56368,$71544,664,3
708,1012,$32855,$94228,693,2
709,844,$18149,$26672,738,2
710,334,$40407,$25986,697,3
711,815,$48418,$73106,756,2
712,1100,$59815,$73325,573,2
713,407,$42454,$63754,750,4
714,1244,$32775,$72785,637,1
715,1740,$57532,$61268,735,4
716,1754,$26325,$32456,562,1
717,1184,$68765,$75608,798,5
718,1440,$38670,$80894,630,1
719,200,$36528,$109785,701,3
720,1446,$28163,$50872,689,4
721,1263,$36652,$60949,600,3
722,1483,$54427,$96369,714,2
723,1085,$74198,$16084,838,3
724,1961,$34904,$46002,657,2
725,776,$97455,$219213,616,2
726,890,$52181,$26792,727,2
727,1445,$27939,$11243,841,5
728,74,$41957,$151027,783,3
729,1216,$40102,$57857,601,6
730,797,$62005,$149968,651,9
731,610,$44061,$107955,713,4
732,1917,$58503,$37838,680,4
733,975,$29478,$39224,675,2
734,109,$40005,$37694,737,2
735,547,$31901,$16285,778,4
736,347,$44046,$57982,557,3
737,201,$35823,$96691,732,3
738,1368,$44976,$80109,717,2
739,1547,$40035,$69241,684,2
740,1812,$50978,$76898,574,2
741,1379,$34408,$9107,701,4
742,82,$2026,$1417,779,1
743,1053,$55571,$93460,636,3
744,1893,$53182,$99550,623,1
745,955,$33944,$53353,798,4
746,856,$114318,$328089,748,3
747,1361,$28714,$12978,638,2
748,261,$59093,$117325,737,5
749,64,$51465,$0,702,2
750,1864,$50776,$19785,701,1
751,1768,$51391,$84768,573,1
752,1151,$920,$1914,788,3
753,356,$41420,$0,691,5
754,1393,$34460,$43936,692,2
755,865,$37786,$107692,693,5
756,1914,$42161,$59210,672,1
757,1641,$51998,$73575,640,1
758,707,$37253,$63522,576,1
759,3,$27943,$18693,681,4
760,754,$32817,$27209,705,6
761,148,$38681,$113190,663,5
762,127,$31553,$63938,729,3
763,1675,$49993,$52978,767,3
764,747,$28828,$49793,687,4
765,1942,$1,$0,673,3
766,452,$63356,$140107,704,5
767,1157,$57526,$82715,812,1
768,1534,$80794,$3867,803,2
769,1086,$76274,$102611,698,2
770,1984,$38861,$62080,528,1
771,835,$45312,$11788,681,4
772,758,$43180,$36832,764,5
773,1795,$60310,$91017,647,6
774,1221,$30747,$51667,850,4
775,1821,$43617,$16661,803,3
776,1248,$43386,$2192,698,3
777,1900,$36465,$12789,688,1
778,597,$65055,$1676,736,6
779,1620,$36924,$71952,701,3
780,1213,$43579,$96994,795,3
781,619,$53986,$58381,748,4
782,1043,$97127,$210206,660,2
783,394,$69604,$47193,684,4
784,1376,$62019,$85666,543,4
785,834,$32550,$82878,746,6
786,837,$36092,$63276,679,1
787,1257,$48259,$146774,721,3
788,1966,$31499,$45661,782,4
789,358,$31079,$91845,605,2
790,912,$47395,$41381,755,2
791,605,$47542,$2667,725,3
792,1362,$72510,$44317,727,4
793,1513,$65736,$206000,733,3
794,1521,$19581,$21424,706,3
795,564,$42411,$111077,765,2
796,1309,$55902,$3385,531,1
797,1583,$52844,$0,826,3
798,1885,$37056,$75730,753,4
799,1566,$40220,$106171,718,3
800,401,$28644,$879,806,7
801,15,$29673,$12950,788,3
802,1666,$46954,$69753,578,4
803,509,$44534,$107410,702,4
804,954,$37963,$102716,772,4
805,832,$50329,$76759,625,4
806,1046,$36715,$74022,547,4
807,630,$39521,$61861,491,3
808,1561,$51014,$23366,759,4
809,1548,$73067,$6332,721,3
810,221,$44183,$89852,850,4
811,1991,$22922,$9004,694,1
812,1328,$84987,$162718,600,2
813,1901,$33728,$107287,730,3
814,665,$11613,$427,790,8
815,442,$48600,$23992,791,5
816,1626,$60292,$114223,531,1
817,1539,$58034,$129546,676,2
818,601,$43004,$15304,761,6
819,541,$29144,$35268,645,1
820,210,$25850,$56285,630,1
821,206,$37583,$51633,782,2
822,926,$41403,$206131,776,1
823,115,$101018,$78115,748,6
824,1779,$32125,$58712,733,2
825,248,$13596,$352,684,4
826,1003,$80526,$117380,632,1
827,294,$43953,$76915,607,1
828,118,$31533,$42315,753,3
829,292,$42711,$48493,717,1
830,755,$23137,$4871,642,5
831,1878,$39778,$60850,702,1
832,1432,$69747,$80763,741,4
833,456,$34947,$49024,751,3
834,623,$77961,$39811,616,3
835,1426,$114692,$91575,805,2
836,47,$25434,$45540,712,4
837,760,$37558,$72514,778,3
838,956,$47110,$57159,804,2
839,194,$30681,$81680,746,4
840,693,$65051,$220951,703,2
841,1246,$31008,$60527,713,4
842,641,$37556,$0,735,6
843,1060,$21547,$16040,785,5
844,1292,$29051,$5819,774,2
845,1113,$28953,$3619,738,2
846,245,$58774,$94053,528,2
847,774,$33395,$57774,588,2
848,1822,$22894,$1501,767,5
849,1209,$63815,$4832,699,6
850,997,$54963,$105623,675,4
851,1180,$35940,$54354,595,3
852,318,$36911,$93367,724,4
853,691,$44838,$109951,561,1
854,1993,$92785,$122254,786,6
855,252,$34985,$29409,723,6
856,1757,$42086,$79530,784,4
857,1324,$38872,$94970,663,4
858,1557,$48295,$109558,707,3
859,1555,$39708,$113715,717,3
860,941,$45416,$82611,713,1
861,156,$28007,$0,691,4
862,24,$38554,$47186,708,1
863,302,$37384,$120327,706,2
864,949,$63684,$96864,709,5
865,1281,$26546,$2480,689,6
866,1428,$28472,$42750,508,1
867,433,$31957,$12347,771,6
868,584,$29195,$64881,743,3
869,1832,$36372,$79220,684,2
870,222,$93417,$115916,714,3
871,648,$29854,$66044,674,3
872,1939,$25207,$34107,685,1
873,722,$32966,$73741,707,1
874,1889,$47972,$0,748,5
875,1229,$49350,$20942,713,6
876,505,$30383,$58466,609,2
877,1083,$38568,$66300,756,4
878,1656,$41141,$81016,706,3
879,568,$38526,$60556,778,1
880,1373,$34181,$50668,764,2
881,667,$41763,$2279,714,5
882,480,$86113,$177353,713,6
883,569,$45625,$81136,662,1
884,1600,$101193,$124771,747,3
885,1063,$37898,$36994,716,5
886,32,$52315,$3174,695,4
887,1040,$80060,$0,689,2
888,396,$50341,$3270,735,5
889,1498,$50790,$3547,726,4
890,104,$37384,$49182,713,3
891,1062,$35274,$35234,708,3
892,1845,$47300,$93788,784,1
893,1657,$26201,$42551,655,1
894,1106,$20783,$23623,699,3
895,1867,$43968,$71218,644,1
896,1045,$33778,$10058,757,1
897,1786,$38611,$93255,755,5
898,1569,$39082,$16870,722,4
899,899,$47891,$114299,629,1
900,1595,$52063,$87549,753,2
901,446,$49342,$56137,703,1
902,53,$39700,$59062,701,3
903,1136,$68767,$119831,723,3
904,551,$39543,$53182,776,3
905,1491,$46209,$56034,710,4
906,330,$64419,$183210,711,1
907,392,$33098,$59605,775,3
908,1144,$30495,$70825,773,4
909,1163,$67170,$114251,489,3
910,230,$35501,$78801,693,4
911,1066,$54124,$0,727,2
912,460,$40957,$64144,608,4
913,1661,$72478,$63078,728,2
914,1926,$26574,$5244,689,3
915,27,$23821,$22427,613,8
916,365,$38165,$45891,719,1
917,50,$39238,$85457,702,4
918,653,$51601,$79143,745,1
919,743,$32491,$24515,682,3
920,999,$48308,$106571,703,4
921,940,$41800,$67836,699,6
922,534,$60510,$23196,790,3
923,1460,$61760,$163824,590,2
924,59,$25066,$424,695,7
925,1908,$44469,$12777,733,5
926,1436,$44842,$54189,500,4
927,1230,$29169,$37230,754,1
928,324,$87372,$40547,792,3
929,992,$54881,$3584,700,4
930,198,$31497,$30805,702,3
931,1017,$28703,$94364,560,1
932,1813,$56350,$120125,808,4
933,1989,$67886,$7137,803,4
934,1148,$36711,$47490,687,4
935,872,$31505,$59730,655,4
936,458,$49068,$123937,530,2
937,920,$28704,$103891,700,2
938,1598,$26126,$1213,697,5
939,1876,$44587,$17148,775,6
940,412,$46822,$0,810,4
941,190,$44452,$12409,711,5
942,163,$33108,$44044,829,2
943,567,$33534,$76166,761,3
944,503,$29564,$54279,694,2
945,469,$46945,$17835,682,4
946,1851,$75682,$37163,727,5
947,1523,$39661,$74740,850,4
948,35,$48495,$97630,773,3
949,317,$19199,$15091,715,3
950,1195,$40696,$15691,801,6
951,1238,$96661,$73401,721,2
952,432,$26546,$32087,686,5
953,1082,$33934,$42945,622,3
954,120,$61008,$0,781,4
955,1289,$42808,$117011,758,1
956,1502,$90104,$85204,787,2
957,1497,$35553,$76077,623,1
958,1047,$53554,$119852,689,2
959,0,$59613,$36199,763,4
960,351,$17150,$375,807,6
961,1797,$30962,$15336,743,5
962,1386,$37927,$79299,712,1
963,1122,$69706,$97070,785,2
964,255,$43253,$56323,718,1
965,765,$36101,$46425,778,2
966,703,$40363,$111112,711,4
967,1919,$80493,$2027,610,5
968,791,$39263,$24246,645,4
969,199,$78329,$40161,720,3
970,282,$25585,$59827,702,4
971,908,$46256,$106753,650,3
972,880,$39354,$26700,685,2
973,770,$60746,$88165,706,4
974,1169,$61901,$29627,726,7
975,522,$43454,$79295,774,2
976,1736,$45789,$94014,695,4
977,506,$52841,$36288,733,5
978,131,$37717,$60367,688,3
979,76,$51613,$62635,649,2
980,249,$29835,$46702,618,7
981,1279,$62103,$33545,509,4
982,1652,$42749,$53471,728,4
983,739,$69171,$102537,622,1
984,1475,$42306,$472,725,5
985,1251,$42150,$39663,750,3
986,1119,$47589,$114020,763,4
987,592,$23993,$2573,714,5
988,692,$42701,$53696,701,4
989,1065,$56320,$84614,792,3
990,1764,$31550,$26738,710,3
991,1830,$32418,$84507,758,4
992,157,$32847,$3230,785,3
993,676,$65053,$83571,775,2
994,1481,$2422,$810,632,2
995,1902,$32522,$28260,769,2
996,123,$36315,$0,824,3
997,1995,$39206,$9219,605,4
998,1688,$33641,$40696,743,1
999,1895,$40848,$146608,706,2
1000,1891,$34112,$39842,725,4
1001,453,$128775,$232506,655,1
1002,341,$104045,$0,734,3
1003,1571,$51316,$0,759,6
1004,1615,$48690,$36262,701,6
1005,1647,$35311,$44783,684,5
1006,680,$27354,$42226,799,1
1007,52,$63796,$82173,730,3
1008,1387,$66237,$146680,785,1
1009,1034,$55569,$76181,698,6
1010,677,$67226,$128174,729,3
1011,440,$106159,$144773,703,5
1012,338,$50258,$0,686,3
1013,1120,$54981,$121701,737,1
1014,1127,$35590,$92603,720,4
1015,1662,$49967,$58582,712,4
1016,1462,$37610,$64933,586,1
1017,1848,$50599,$83732,791,2
1018,1444,$66885,$144703,698,7
1019,45,$63781,$111808,654,1
1020,1102,$94733,$0,707,5
1021,1636,$24598,$23019,695,4
1022,502,$36440,$30574,745,2
1023,1630,$31693,$98206,719,1
1024,266,$27494,$26097,724,1
1025,5,$20614,$14042,711,2
1026,1712,$66999,$3140,730,5
1027,1360,$38874,$64474,672,3
1028,1013,$48017,$95549,711,1
1029,993,$44789,$94789,638,1
1030,642,$34143,$49839,648,4
1031,1871,$16611,$1797,696,5
1032,1721,$38496,$64688,642,2
1033,868,$31046,$11436,706,6
1034,1517,$123540,$236393,764,4
1035,364,$39809,$0,775,4
1036,686,$34576,$81087,683,1
1037,696,$110570,$5700,766,8
1038,962,$34262,$60506,846,2
1039,1407,$40473,$54899,689,4
1040,1015,$96744,$128122,838,5
1041,1456,$31231,$40499,681,3
1042,1861,$66427,$103290,779,5
1043,161,$23469,$22976,731,3
1044,263,$26519,$63979,663,3
1045,1389,$34799,$72749,793,2
1046,1707,$35194,$56006,620,1
1047,1374,$39679,$93772,758,2
1048,1855,$31287,$25844,728,4
1049,867,$38805,$54466,614,2
1050,274,$48810,$0,799,3
1051,1552,$45450,$85218,686,3
1052,635,$34201,$42895,731,1
1053,1526,$34137,$80467,671,4
1054,319,$28357,$10400,628,2
1055,740,$32343,$39656,683,3
1056,965,$42142,$116857,713,2
1057,1421,$32985,$32764,740,2
1058,1538,$23572,$216,590,2
1059,1101,$28862,$20944,751,2
1060,92,$31145,$5132,689,4
1061,125,$26535,$93592,724,5
1062,449,$39796,$9452,729,5
1063,1173,$51703,$5371,722,7
1064,1810,$31175,$5846,711,5
1065,1843,$38761,$69,760,7
1066,1578,$33291,$695,714,2
1067,658,$52630,$68559,725,4
1068,1858,$26481,$10392,705,1
1069,1663,$2370,$4397,581,1
1070,1503,$43021,$86014,725,4
1071,725,$44466,$3096,709,2
1072,1671,$42886,$60474,604,1
1073,1233,$37843,$40003,697,3
1074,1271,$48398,$138998,642,3
1075,473,$28181,$37929,682,2
1076,1541,$37422,$127116,681,5
1077,149,$91237,$231619,594,1
1078,560,$43913,$83944,676,4
1079,1006,$44550,$117302,761,3
1080,368,$42806,$20432,726,6
1081,1696,$53702,$85160,606,1
1082,416,$38273,$1658,765,6
1083,51,$51303,$106248,688,3
1084,196,$35775,$67263,773,1
1085,690,$67186,$29682,692,1
1086,1477,$46763,$65106,696,3
1087,260,$29110,$23504,699,3
1088,857,$41831,$1100,615,1
1089,1167,$49117,$42380,769,3
1090,1358,$68930,$72619,768,4
1091,1611,$20334,$9544,684,2
1092,734,$24917,$36101,693,2
1093,1507,$44344,$82822,744,3
1094,504,$34311,$61776,705,2
1095,524,$35239,$43270,726,1
1096,525,$37147,$0,703,3
1097,250,$34671,$55643,786,6
1098,479,$61173,$71422,692,3
1099,343,$47643,$45706,764,8
1100,1196,$34895,$56622,820,4
1101,1530,$1785,$2892,732,3
1102,1963,$33869,$370,821,7
1103,764,$31066,$20902,712,4
1104,213,$55172,$96779,629,3
1105,410,$46956,$94340,610,2
1106,1685,$74012,$93119,681,2
1107,225,$40887,$50734,688,4
1108,1210,$34531,$60156,703,4
1109,1336,$53995,$154800,673,1
1110,576,$63502,$24100,638,7
1111,1677,$33178,$92366,671,2
1112,1969,$44690,$2249,733,5
1113,1431,$39409,$52076,599,1
1114,558,$33080,$55066,692,3
1115,1482,$89152,$162012,675,1
1116,1295,$27772,$14408,788,4
1117,1468,$44137,$22392,626,2
1118,538,$30265,$36789,814,4
1119,748,$37534,$99840,706,3
1120,1068,$32345,$61066,730,3
1121,41,$27183,$58323,637,1
1122,807,$38487,$49725,691,3
1123,1430,$33642,$20874,593,5
1124,1873,$34302,$84935,651,3
1125,204,$42754,$60172,656,1
1126,424,$51045,$127864,772,2
1127,980,$24055,$0,733,7
1128,1415,$45021,$77559,689,1
1129,600,$46878,$60121,578,1
1130,652,$22726,$1692,784,6
1131,1129,$34449,$36540,686,3
1132,885,$28334,$0,700,3
1133,1899,$57166,$111755,737,2
1134,1369,$35854,$49101,850,2
1135,1057,$44958,$91549,787,1
1136,1302,$28988,$13351,694,4
1137,415,$33729,$0,763,4
1138,83,$59455,$96224,557,1
1139,1093,$47543,$124177,667,1
1140,28,$54273,$110237,789,4
1141,33,$38692,$8902,596,5
1142,1646,$29898,$19719,714,5
1143,1847,$31443,$52826,676,1
1144,1152,$35538,$71591,747,1
1145,134,$50174,$145300,643,4
1146,188,$87436,$135294,845,2
1147,220,$61846,$12525,722,4
1148,1343,$24369,$37437,575,4
1149,1930,$44470,$66413,721,3
1150,1260,$42806,$49194,712,3
1151,96,$99825,$4344,685,4
1152,1166,$39898,$43630,682,3
1153,1533,$49412,$42378,830,3
1154,88,$33337,$71679,712,1
1155,1451,$17078,$25245,719,4
1156,57,$43826,$84935,823,1
1157,1335,$97845,$255288,836,4
1158,816,$36285,$67244,759,5
1159,1081,$50666,$102318,617,3
1160,1385,$82298,$182301,789,6
1161,1125,$64917,$102747,689,4
1162,1952,$36909,$102869,821,1
1163,1870,$71054,$106595,767,2
1164,1345,$16620,$1140,804,8
1165,1695,$57027,$21798,709,4
1166,1906,$28950,$61297,609,1
1167,1985,$1426,$3154,680,3
1168,1604,$31308,$59817,742,7
1169,1933,$29658,$45750,589,2
1170,649,$46408,$0,847,7
1171,1486,$23307,$31064,789,1
1172,1744,$29433,$61260,693,3
1173,1272,$61222,$142541,779,1
1174,400,$39770,$72827,711,4
1175,1994,$78180,$102759,740,3
1176,572,$47317,$42433,680,2
1177,1442,$30432,$101847,624,1
1178,1853,$37165,$0,771,3
1179,556,$36405,$31815,715,2
1180,1960,$47916,$69567,612,1
1181,321,$40177,$47012,698,4
1182,483,$39969,$68456,713,3
1183,404,$44816,$63043,625,1
1184,1510,$50658,$72806,764,2
1185,916,$41260,$80574,682,2
1186,1635,$42332,$75213,616,6
1187,1384,$23011,$30510,721,3
1188,943,$87317,$41998,773,1
1189,1236,$25243,$18006,730,6
1190,969,$58893,$113715,666,3
1191,508,$64319,$0,757,3
1192,496,$36319,$44737,730,4
1193,450,$43192,$33517,739,3
1194,1753,$45476,$67636,506,1
1195,304,$41297,$34703,685,2
1196,839,$54384,$69717,622,3
1197,138,$32770,$103262,641,4
1198,43,$61104,$79486,721,4
1199,1187,$47334,$87775,701,3
1200,849,$43828,$60231,711,3
1201,654,$33883,$50616,524,1
1202,1898,$50993,$75783,675,5
1203,1971,$41690,$69869,763,2
1204,1020,$54122,$166903,796,4
1205,22,$53966,$135478,747,1
1206,436,$53569,$79540,623,1
1207,1823,$65362,$27745,743,6
1208,589,$27035,$58050,595,2
1209,49,$38663,$59053,686,3
1210,1350,$44740,$103896,651,1
1211,1525,$38994,$0,728,4
1212,69,$38318,$93284,748,6
1213,234,$37623,$923,726,6
1214,608,$2365,$0,769,3
1215,1064,$48428,$72566,654,1
1216,374,$31177,$18859,689,5
1217,286,$38223,$30756,725,4
1218,1419,$61490,$116180,647,1
1219,1435,$92017,$157723,703,3
1220,1683,$25109,$92,850,3
1221,727,$40522,$81572,801,5
1222,1150,$63030,$93406,791,5
1223,332,$37362,$21600,703,4
1224,487,$55059,$162462,735,3
1225,735,$67743,$67132,752,3
1226,137,$41069,$64073,644,3
1227,570,$32245,$43097,625,1
1228,1121,$84365,$113529,796,5
1229,860,$62791,$193215,692,4
1230,518,$45433,$91998,523,1
1231,1203,$41537,$128044,582,1
1232,944,$119308,$89328,789,6
1233,388,$17310,$21853,749,2
1234,741,$41316,$22629,826,1
1235,1737,$37686,$41173,739,4
1236,1709,$35519,$111115,744,1
1237,1018,$31805,$614,755,6
1238,275,$76288,$120771,710,4
1239,1367,$34255,$36094,708,4
1240,1965,$37443,$0,745,1
1241,284,$50980,$0,754,4
1242,79,$29164,$19851,625,4
1243,1515,$30457,$19314,520,5
1244,1934,$27763,$59691,691,1
1245,9,$40988,$89801,540,3
1246,1964,$38637,$30595,643,4
1247,982,$66489,$45974,729,4
1248,1676,$50936,$88447,681,3
1249,1519,$40012,$59472,849,4
1250,1098,$34456,$54634,752,4
1251,554,$53357,$114266,690,5
1252,596,$34629,$34484,721,3
1253,170,$36983,$58895,768,4
1254,794,$29621,$0,730,3
1255,1697,$41002,$97188,685,6
1256,573,$30011,$84166,589,1
1257,1715,$50137,$90747,679,1
1258,1607,$55166,$70698,689,1
1259,1026,$17016,$691,714,4
1260,1892,$32557,$60053,637,2
1261,402,$43954,$60913,744,3
1262,1628,$63439,$199706,786,2
1263,553,$34067,$17902,628,1
1264,1551,$35699,$63264,687,5
1265,1672,$74644,$204251,792,3
1266,426,$42348,$6204,754,4
1267,1135,$68010,$0,704,7
1268,1420,$60652,$0,688,4
1269,1589,$27494,$44258,702,3
1270,1002,$38788,$77448,716,1
1271,1411,$69007,$52218,720,4
1272,1654,$49328,$6197,693,5
1273,1330,$35404,$30887,575,3
1274,790,$46361,$69620,743,2
1275,552,$52538,$132409,602,1
1276,139,$31317,$4591,687,4
1277,1280,$32676,$88515,641,1
1278,883,$54333,$103224,584,1
1279,359,$57383,$20725,799,4
1280,1921,$32064,$9833,709,3
1281,651,$34361,$41375,643,1
1282,557,$28245,$13411,669,1
1283,1071,$38363,$63974,838,3
1284,1175,$10782,$346,770,7
1285,1936,$35685,$1135,714,5
1286,182,$50984,$65126,616,2
1287,468,$47374,$35312,714,2
1288,1651,$56018,$100163,739,2
1289,1714,$73011,$240352,794,2
1290,1839,$27439,$84665,631,1
1291,1585,$42229,$0,688,3
1292,1245,$42900,$111007,802,6
1293,732,$39191,$43396,756,6
1294,342,$128123,$135808,699,1
1295,476,$41473,$98151,724,3
1296,164,$37829,$20185,658,4
1297,539,$34568,$81953,765,1
1298,40,$29243,$30686,726,4
1299,1,$45360,$14587,704,3
1300,272,$53407,$125586,767,3
1301,521,$32829,$44141,652,1
1302,988,$39832,$5377,785,4
1303,660,$44041,$109159,680,2
1304,1381,$29517,$2470,690,4
1305,184,$43529,$126175,797,6
1306,1183,$32820,$23004,740,4
1307,905,$96901,$182809,701,5
1308,419,$33540,$74530,734,5
1309,239,$42201,$138469,682,5
1310,1241,$49396,$39549,814,3
1311,383,$34287,$77180,760,3
1312,1816,$34241,$79551,784,2
1313,1501,$36247,$34079,712,3
1314,497,$52380,$8764,850,6
1315,893,$34716,$18962,850,3
1316,44,$38194,$1674,680,3
1317,661,$42831,$59948,566,3
1318,939,$34819,$2971,696,2
1319,947,$34637,$12623,710,4
1320,1749,$17657,$21899,614,2
1321,385,$30434,$23883,740,7
1322,67,$47639,$0,732,2
1323,1298,$25603,$26348,729,2
1324,913,$28476,$0,693,3
1325,1634,$20577,$60152,825,4
1326,804,$30252,$24172,812,5
1327,1703,$49169,$65994,747,2
1328,1741,$24960,$889,707,9
1329,766,$30967,$61201,685,3
1330,472,$46039,$79738,672,4
1331,366,$39911,$93823,625,7
1332,1205,$56984,$128684,680,5
1333,1705,$27952,$2070,850,3
1334,626,$85954,$108684,746,2
1335,1638,$57824,$31354,668,5
1336,1953,$43996,$16260,842,3
1337,1771,$51943,$61722,794,3
1338,931,$69270,$97114,540,1
1339,1190,$44383,$42369,707,7
1340,371,$92368,$2689,719,4
1341,1404,$36472,$80469,526,2
1342,1970,$51873,$70144,731,2
1343,1364,$3,$5,750,2
1344,327,$36843,$52248,772,5
1345,1337,$38634,$42099,800,2
1346,594,$33933,$5329,698,6
1347,1704,$63760,$151177,716,1
1348,1500,$52904,$144534,680,4
1349,923,$47501,$81625,735,2
1350,1788,$41845,$90940,673,4
1351,129,$44875,$125909,510,1
1352,1756,$57969,$92382,691,2
1353,197,$32128,$58373,724,5
1354,219,$22505,$27928,798,3
1355,1820,$38394,$69393,693,5
1356,405,$34998,$60749,627,1
1357,726,$44924,$27297,717,3
1358,20,$23371,$0,757,8
1359,216,$33178,$85620,687,3
1360,293,$42084,$57760,661,5
1361,1868,$57187,$9756,714,2
1362,1996,$44768,$59862,728,3
1363,1171,$39214,$0,781,5
1364,1154,$38809,$19912,788,4
1365,819,$37495,$28449,687,3
1366,1554,$51802,$91118,696,1
1367,1079,$103294,$39076,831,3
1368,681,$43634,$52593,654,1
1369,240,$34868,$51984,745,3
1370,751,$49677,$108399,593,4
1371,773,$11029,$3225,786,3
1372,1294,$59114,$132715,730,2
1373,1567,$40576,$54011,747,2
1374,132,$31555,$12777,696,4
1375,512,$72844,$207423,718,1
1376,501,$35212,$56286,765,2
1377,178,$49045,$0,727,3
1378,1077,$12044,$10323,576,3
1379,914,$46160,$87459,763,4
1380,1840,$44249,$103229,706,5
1381,550,$30248,$35766,763,4
1382,1869,$34487,$52077,702,1
1383,977,$22873,$0,710,5
1384,933,$43290,$90238,690,4
1385,938,$50934,$54406,720,3
1386,622,$87437,$0,738,2
1387,796,$43178,$74257,746,3
1388,621,$27372,$54474,612,1
1389,1038,$36755,$96292,810,2
1390,1687,$40189,$24169,621,1
1391,1890,$32024,$69171,754,1
1392,544,$59999,$128311,676,1
1393,810,$22540,$16946,705,6
1394,58,$52512,$95640,706,2
1395,1986,$48430,$62384,716,2
1396,1084,$64262,$75415,775,4
1397,1349,$28267,$35727,799,3
1398,1825,$45754,$9066,718,4
1399,98,$16646,$1639,590,2
1400,615,$44766,$68989,713,2
1401,1488,$41091,$86837,695,6
1402,211,$28983,$36482,755,3
1403,1443,$35016,$54455,732,3
1404,801,$23175,$1626,723,5
1405,655,$30340,$64661,552,3
1406,669,$41141,$71060,683,2
1407,1726,$23533,$23132,687,1
1408,444,$26382,$13161,748,2
1409,418,$51891,$83166,693,4
1410,242,$43560,$58544,850,5
1411,168,$31713,$42895,646,1
1412,960,$53376,$60953,750,3
1413,1911,$33793,$108196,768,4
1414,259,$38009,$20529,689,3
1415,300,$75711,$121251,750,1
1416,1967,$61793,$686,767,4
1417,434,$53395,$73370,785,3
1418,1076,$37342,$48611,779,5
1419,723,$35397,$55112,828,5
1420,1398,$70862,$16595,745,5
1421,1464,$49569,$58019,682,2
1422,1505,$37677,$66737,685,2
1423,1130,$44355,$44779,680,3
1424,62,$22290,$9235,716,6
1425,1623,$35227,$25277,746,3
1426,1416,$48750,$18724,709,8
1427,1998,$645,$790,688,3
1428,1299,$37299,$31923,723,2
1429,303,$60080,$1807,690,6
1430,1138,$41886,$107734,768,3
1431,1750,$70711,$100226,741,2
1432,1117,$27691,$24480,687,2
1433,1322,$45508,$93806,636,1
1434,878,$40093,$81752,615,2
1435,609,$37536,$63386,717,3
1436,761,$56222,$63846,726,4
1437,1313,$30172,$39959,653,2
1438,1558,$51330,$106161,597,2
1439,399,$64252,$92973,802,2
1440,325,$39942,$52441,709,4
1441,689,$39077,$14019,709,1
1442,1763,$38039,$27179,717,3
1443,717,$53675,$82373,659,5
1444,884,$42812,$22171,631,4
1445,1701,$23231,$48624,726,3
1446,117,$30229,$43239,595,3
1447,126,$26600,$0,799,4
1448,1051,$49800,$137460,694,2
1449,462,$50696,$32793,767,5
1450,1454,$35813,$43474,748,2
1451,467,$44831,$20906,705,3
1452,1802,$59313,$102360,802,2
1453,1563,$22583,$62461,683,4
1454,1235,$62316,$146487,813,1
1455,587,$25350,$70475,643,2
1456,709,$42931,$48783,742,3
1457,1036,$50602,$66762,722,2
1458,372,$24668,$22338,756,1
1459,929,$56102,$59198,850,1
1460,253,$44257,$110587,664,2
1461,1549,$63355,$140526,747,5
1462,529,$45767,$41791,721,4
1463,1306,$33137,$40559,706,2
1464,1798,$37898,$32994,517,2
1465,389,$53082,$106945,689,3
1466,1829,$44204,$59310,710,3
1467,1392,$53061,$84073,743,3
1468,1949,$44444,$130382,706,1
1469,1881,$56542,$9097,733,6
1470,1706,$26839,$70077,805,2
1471,848,$68362,$96182,711,2
1472,1044,$45649,$150985,693,1
1473,1112,$29897,$27736,760,6
1474,802,$59872,$95927,752,4
1475,859,$32531,$78193,631,4
1476,441,$46108,$64994,635,1
1477,879,$22714,$27227,702,3
1478,1437,$44807,$13730,751,4
1479,1413,$31170,$33165,685,5
1480,1710,$40029,$0,787,3
1481,1037,$50957,$73187,653,2
1482,966,$23987,$39071,630,1
1483,107,$26758,$41064,734,5
1484,1247,$44152,$90526,700,5
1485,700,$186534,$233746,590,1
1486,1363,$49185,$92484,690,2
1487,10,$58865,$94134,727,2
1488,1725,$42652,$133935,729,6
1489,1145,$75080,$35268,747,3
1490,864,$39146,$72957,766,3
1491,1357,$11410,$0,812,7
1492,1344,$46843,$66529,736,2
1493,1252,$52815,$77064,658,2
1494,935,$32014,$61420,728,3
1495,1748,$54659,$73363,628,1
1496,1123,$27896,$42046,710,3
1497,546,$51196,$26617,681,3
1498,430,$53350,$128676,685,5
1499,61,$93406,$151935,801,3
1500,1621,$74059,$144396,744,4
1501,413,$51028,$105239,660,2
1502,269,$38739,$0,689,3
1503,37,$34690,$48954,683,4
1504,1793,$29297,$36303,825,4
1505,1846,$33356,$938,566,4
1506,116,$67230,$45269,685,2
1507,752,$64829,$15537,664,3
1508,1185,$67473,$140270,780,1
1509,683,$51039,$0,704,5
1510,903,$59599,$79126,717,5
1511,559,$35468,$53185,490,2
1512,1338,$47023,$0,765,2
1513,75,$22326,$1620,564,4
1514,861,$41080,$106545,793,1
1515,100,$48944,$79960,813,7
1516,1140,$55351,$152645,703,6
1517,531,$29497,$66044,722,3
1518,279,$69572,$137845,753,2
1519,362,$48710,$59824,792,3
1520,1458,$35755,$61748,708,4
1521,976,$62669,$70317,760,5
1522,71,$32801,$44496,701,2
1523,375,$37617,$57746,695,3
1524,403,$36496,$119670,759,1
1525,983,$47993,$3080,827,5
1526,435,$23350,$19515,679,2
1527,542,$29496,$49681,704,5
1528,1090,$42825,$105122,850,5
1529,60,$34057,$59247,655,4
1530,287,$43181,$57199,710,3
1531,1857,$97248,$197100,775,5
1532,1291,$34869,$53381,699,2
1533,408,$31343,$49537,741,3
1534,173,$30399,$19404,668,4
1535,1787,$58278,$51539,689,6
1536,1800,$9445,$14856,641,2
1537,438,$34034,$55846,633,2
1538,1988,$109440,$180865,737,5
1539,1143,$62365,$137710,606,1
1540,1250,$38499,$1493,746,5
1541,1767,$47622,$87054,709,2
1542,1072,$40017,$75377,648,1
1543,1841,$40381,$63008,730,3
1544,1202,$4,$0,691,3
1545,235,$48676,$110589,721,4
1546,1766,$20377,$12092,789,4
1547,1702,$40470,$87086,691,5
1548,1142,$79272,$107029,716,3
1549,1653,$59663,$89579,681,1
1550,1982,$69412,$64273,699,2
1551,1423,$22844,$37625,689,1
1552,48,$16542,$36831,733,3
1553,1582,$59479,$69645,688,1
1554,656,$52633,$137109,704,1
1555,500,$31167,$29342,749,3
1556,1862,$37864,$57052,686,1
1557,1850,$32998,$45196,736,1
1558,1808,$35331,$55566,697,4
1559,277,$31739,$81905,799,5
1560,1716,$25654,$55761,746,1
1561,516,$34542,$35474,697,4
1562,620,$33437,$56690,588,1
1563,159,$28134,$20231,707,3
1564,478,$72807,$0,803,3
1565,772,$46075,$139335,741,3
1566,1537,$36213,$48364,637,1
1567,1429,$33556,$10619,799,4
1568,1228,$47482,$59590,726,5
1569,991,$36927,$54145,554,1
1570,1249,$40131,$48468,721,1
1571,1242,$30509,$56953,641,2
1572,1759,$33279,$1642,778,6
1573,1058,$35196,$51751,684,4
1574,1730,$44128,$148684,739,3
1575,1632,$45292,$88917,660,4
1576,1224,$53464,$20683,751,4
1577,1940,$26865,$19529,826,5
1578,1132,$41579,$50190,694,2
1579,895,$31632,$76538,832,3
1580,1556,$48277,$110153,740,4
1581,1025,$33426,$51699,664,4
1582,1972,$13089,$10928,772,4
1583,86,$23212,$25138,799,3
1584,344,$49084,$106863,577,3
1585,1189,$31582,$23359,693,4
1586,921,$54013,$3628,779,8
1587,393,$32387,$65171,765,1
1588,1254,$34619,$13326,747,5
1589,212,$28137,$88482,797,6
1590,1262,$27981,$62926,717,3
1591,122,$39221,$45409,786,4
1592,1118,$83104,$222502,714,5
1593,974,$48867,$92873,644,2
1594,1274,$49464,$123198,705,6
1595,1453,$36122,$51593,641,2
1596,337,$46284,$46220,850,1
1597,1023,$48688,$81995,679,1
1598,1903,$71427,$115702,709,3
1599,604,$70840,$52578,736,4
1600,1637,$54804,$172493,687,2
1601,1470,$22371,$994,700,4
1602,1856,$37467,$50461,784,4
1603,907,$62492,$18680,686,3
1604,1923,$35119,$57463,850,3
1605,674,$28147,$25987,756,7
1606,1665,$64585,$121851,665,1
1607,548,$29996,$44313,809,4
1608,209,$29206,$25966,716,6
1609,730,$84944,$57746,713,3
1610,670,$24006,$57226,801,2
1611,627,$45674,$83331,717,1
1612,924,$40392,$52417,645,1
1613,894,$40334,$65793,597,3
1614,1633,$42927,$132343,687,4
1615,1593,$37122,$58984,753,4
1616,720,$19800,$40038,682,3
1617,264,$44303,$53407,696,1
1618,827,$30984,$39222,616,4
1619,414,$112875,$44432,709,2
1620,1439,$29371,$32300,715,2
1621,843,$28325,$38658,822,6
1622,1008,$45462,$68494,657,5
1623,1834,$35565,$54634,681,3
1624,1126,$41940,$82593,710,1
1625,881,$58433,$48231,696,4
1626,679,$34272,$39514,765,4
1627,1333,$71312,$200793,741,4
1628,398,$37401,$76201,737,4
1629,151,$56921,$115330,823,1
1630,106,$29957,$60321,624,5
1631,1784,$44206,$62813,690,1
1632,1924,$38190,$81968,652,1
1633,671,$34032,$68762,769,2
1634,1472,$36189,$16988,694,3
1635,855,$22557,$63019,699,5
1636,981,$56163,$104767,671,1
1637,1030,$44963,$90682,705,4
1638,384,$39144,$55347,702,1
1639,80,$21815,$1597,498,5
1640,1331,$49026,$83385,718,1
1641,205,$39882,$77817,809,4
1642,1048,$53878,$78143,779,4
1643,1801,$31644,$70064,480,1
1644,1490,$41839,$46226,761,4
1645,818,$31240,$26005,770,5
1646,1463,$9766,$66,732,4
1647,1835,$33682,$42690,793,1
1648,952,$126775,$28869,685,2
1649,616,$34817,$63313,586,1
1650,638,$16889,$38489,679,5
1651,1366,$40000,$127951,767,3
1652,443,$41986,$134162,697,1
1653,336,$44128,$0,760,1
1654,611,$58721,$135065,758,1
1655,973,$25051,$19465,734,4
1656,632,$29040,$36331,703,1
1657,1918,$42379,$64124,550,1
1658,1827,$46341,$78610,686,6
1659,70,$63292,$145756,635,1
1660,672,$23967,$3880,722,4
1661,1461,$48038,$83238,704,6
1662,510,$45973,$0,777,2
1663,256,$22850,$17453,714,6
1664,1410,$42856,$67954,571,1
1665,574,$35635,$16372,713,4
1666,1837,$24947,$1767,766,4
1667,1974,$31792,$28723,647,3
1668,30,$38983,$96098,577,1
1669,1270,$73117,$73557,685,2
1670,1815,$61991,$2151,758,4
1671,805,$32192,$24074,686,2
1672,464,$67444,$93513,850,1
1673,1042,$45846,$103277,766,1
1674,1579,$28594,$1821,728,5
1675,830,$67166,$123932,688,2
1676,465,$41965,$55700,724,2
1677,1954,$48406,$80441,683,3
1678,959,$102369,$189558,738,2
1679,1049,$36481,$81550,850,6
1680,1925,$60910,$110864,679,2
1681,1088,$34982,$134631,765,3
1682,14,$32232,$21134,652,5
1683,162,$66111,$98102,771,5
1684,1692,$162709,$5642,542,3
1685,380,$37857,$57727,800,2
1686,141,$23082,$23406,638,5
1687,1348,$2,$0,667,6
1688,1256,$56248,$149587,728,4
1689,1690,$32281,$80882,630,2
1690,169,$30451,$93,686,4
1691,1955,$28134,$2081,674,2
1692,1807,$52065,$98613,828,5
1693,102,$33212,$59638,649,1
1694,257,$31070,$86747,708,4
1695,911,$29562,$31509,757,1
1696,987,$61532,$26832,683,4
1697,101,$30778,$73680,681,1
1698,1141,$27266,$19798,777,5
1699,1682,$48750,$117616,716,5
1700,481,$82972,$173295,653,1
1701,978,$56280,$81803,760,1
1702,1550,$50086,$51164,776,3
1703,1162,$38892,$50150,705,2
1704,172,$45164,$0,730,3
1705,892,$51391,$94145,656,1
1706,315,$42379,$136748,692,3
1707,1739,$33995,$46102,531,1
1708,836,$32165,$25778,689,1
1709,39,$61740,$126015,583,2
1710,155,$9678,$812,688,6
1711,1305,$38971,$0,784,3
1712,1504,$12826,$1550,734,5
1713,1105,$22104,$20031,670,3
1714,1761,$56168,$186534,703,3
1715,215,$45313,$21488,716,2
1716,948,$37119,$55010,718,5
1717,862,$42883,$65917,807,3
1718,1514,$36925,$89762,721,5
1719,1698,$67976,$105337,747,3
1720,1316,$33266,$0,693,5
1721,1831,$39520,$61310,595,2
1722,889,$52550,$140825,710,1
1723,526,$64481,$114394,627,5
1724,231,$36270,$73779,769,5
1725,910,$76820,$159137,819,2
1726,876,$49817,$26928,600,2
1727,1509,$47087,$92489,820,5
1728,1422,$36052,$6602,767,4
1729,1400,$25434,$0,698,2
1730,492,$38450,$51430,850,1
1731,1516,$68827,$35669,755,2
1732,1649,$399,$323,729,3
1733,1573,$17775,$11520,746,1
1734,583,$28954,$41461,636,2
1735,1811,$82009,$6229,764,8
1736,1054,$46077,$135862,639,3
1737,1678,$58225,$101148,685,3
1738,333,$47504,$65156,706,1
1739,1412,$54166,$0,707,5
1740,177,$58248,$107130,728,4
1741,390,$92046,$6658,681,2
1742,1577,$40745,$18371,718,4
1743,1609,$87659,$0,779,4
1744,1762,$63583,$200435,635,1
1745,917,$40900,$64420,678,3
1746,1717,$43070,$14135,726,4
1747,1355,$23863,$83430,536,2
1748,1668,$56099,$933,751,6
1749,1293,$49374,$108192,706,2
1750,1597,$71750,$117124,697,3
1751,202,$65082,$88347,850,1
1752,493,$29047,$36835,786,1
1753,361,$39052,$65861,804,4
1754,1659,$40787,$1574,782,6
1755,289,$22876,$36157,685,2
1756,737,$30359,$16552,758,2
1757,1733,$26130,$54290,498,1
1758,278,$193768,$150896,686,5
1759,618,$27795,$72318,701,4
1760,753,$31688,$66776,605,3
1761,489,$36753,$33657,684,4
1762,90,$12796,$22192,644,3
1763,1264,$30737,$35858,815,2
1764,18,$64340,$94513,637,1
1765,376,$57975,$34570,773,4
1766,579,$39520,$53896,772,1
1767,218,$34190,$39242,810,7
1768,1320,$26513,$32620,604,1
1769,42,$8526,$3723,684,3
1770,1170,$40867,$50449,694,2
1771,1531,$29594,$47766,792,1
1772,1275,$23238,$31661,611,2
1773,26,$41071,$124139,685,1
1774,1937,$17056,$29112,667,5
1775,1177,$64672,$56485,695,4
1776,1032,$26975,$17212,673,2
1777,397,$20424,$14743,770,3
1778,566,$46244,$108449,814,5
1779,1581,$44334,$55173,684,5
1780,1332,$71909,$44190,712,3
1781,1648,$185909,$461854,621,5
1782,17,$21867,$21103,759,2
1783,349,$43229,$96831,685,2
1784,1200,$24420,$14460,685,1
1785,228,$31655,$46405,623,1
1786,484,$66745,$682,718,3
1787,1099,$41214,$130538,763,1
1788,1480,$49756,$70744,705,1
1789,1449,$28104,$12054,751,3
1790,1417,$52680,$87082,835,5
1791,267,$27733,$21785,765,3
1792,373,$21397,$54771,812,4
1793,1772,$50163,$97188,761,4
1794,1418,$26939,$69587,752,1
1795,1774,$42129,$101742,758,4
1796,964,$45422,$83940,689,4
1797,72,$41401,$71180,580,1
1798,6,$55854,$111042,782,1
1799,1527,$50523,$98763,578,1
1800,1433,$48060,$17440,581,3
1801,1785,$25861,$42050,607,3
1802,1476,$44688,$88092,716,3
1803,455,$49776,$17352,684,3
1804,1553,$86042,$165447,701,2
1805,532,$48484,$63561,775,4
1806,1092,$47814,$92020,720,2
1807,1819,$35559,$59164,672,2
1808,528,$40478,$76392,718,3
1809,328,$36323,$65525,700,3
1810,1282,$41249,$42268,695,2
1811,783,$29769,$14542,693,3
1812,1325,$307018,$516263,745,2
1813,687,$36264,$99582,725,1
1814,1693,$74016,$85204,702,2
1815,1542,$55565,$34039,731,2
1816,36,$50242,$84457,722,2
1817,360,$46278,$51243,791,4
1818,555,$43724,$53853,514,1
1819,136,$64504,$69041,695,3
1820,603,$44624,$102882,611,1
1821,1794,$75137,$175263,631,1
1822,329,$36724,$16437,701,4
1823,1181,$51581,$35134,810,5
1824,598,$43144,$54157,628,3
1825,990,$27150,$2007,737,1
1826,1777,$62432,$95799,741,5
1827,998,$28006,$19518,703,2
1828,1872,$67470,$93795,804,6
1829,1743,$52315,$109513,774,4
1830,1000,$54424,$92199,687,1
1831,1708,$45254,$75758,850,2
1832,799,$31525,$57818,686,2
1833,144,$32330,$97190,835,4
1834,781,$33993,$45149,602,4
1835,1572,$18935,$43928,658,3
1836,793,$42593,$16083,703,2
1837,1681,$65058,$157708,746,1
1838,1179,$49570,$43645,752,5
1839,114,$34441,$907,725,4
1840,271,$42101,$70460,685,1
1841,1107,$40516,$6908,698,5
1842,517,$24009,$19085,811,4
1843,624,$37579,$59201,710,2
1844,1215,$42152,$55576,751,1
1845,1992,$23725,$47647,710,5
1846,968,$29475,$48741,722,1
1847,19,$34903,$1336,630,1
1848,1605,$39336,$43747,690,3
1849,463,$40256,$0,719,2
1850,1365,$54547,$92901,751,1
1851,809,$85596,$159101,618,1
1852,590,$35060,$39104,724,2
1853,1904,$30983,$10019,757,5
1854,545,$45707,$113194,715,3
1855,789,$49788,$83932,690,3
1856,742,$50753,$20226,698,4
1857,612,$16296,$667,838,7
1858,536,$31077,$89659,789,5
1859,523,$38487,$28032,773,4
1860,928,$32347,$82667,784,7
1861,1642,$40470,$41938,731,5
1862,495,$38028,$79101,831,4
1863,166,$25567,$1001,665,3
1864,1277,$51848,$86951,692,1
1865,718,$29081,$56301,655,3
1866,1962,$92375,$156949,712,5
1867,133,$62692,$50290,698,2
1868,682,$35229,$60945,724,2
1869,795,$75918,$94579,759,2
1870,1849,$41483,$64098,721,2
1871,1732,$53810,$78986,637,1
1872,167,$38036,$0,743,3
1873,1496,$48747,$171249,713,3
1874,853,$75070,$161525,723,1
1875,237,$58584,$99235,563,2
1876,769,$39974,$77967,644,2
1877,2,$27447,$80850,673,5
1878,313,$33548,$31183,693,2
1879,1624,$42200,$28557,769,2
1880,958,$33459,$37753,705,3
1881,989,$113514,$16524,727,8
1882,1562,$25524,$69401,759,3
1883,1983,$141161,$0,773,3
1884,1091,$53890,$252106,656,4
1885,759,$74550,$37427,687,4
1886,779,$32669,$1433,755,5
1887,105,$37579,$0,742,5
1888,1618,$70634,$155651,682,4
1889,1168,$109673,$242379,505,1
1890,1237,$32150,$47179,717,6
1891,699,$45475,$68358,698,3
1892,646,$43634,$73037,786,3
1893,499,$37769,$1412,742,2
1894,1403,$24545,$22488,753,2
1895,631,$33811,$2206,682,7
1896,1070,$51528,$58509,745,6
1897,291,$40407,$62695,793,3
1898,738,$63974,$131731,707,4
1899,142,$51788,$77642,675,2
1900,1375,$71590,$60635,717,2
1901,459,$25257,$83995,734,6
1902,281,$38549,$35691,684,2
1903,498,$46580,$91081,660,2
1904,55,$44583,$85531,717,5
1905,1370,$52908,$109229,709,4
1906,897,$26996,$33332,501,2
1907,262,$32635,$47930,734,3
1908,1781,$36050,$45559,708,3
1909,457,$36324,$56689,705,4
1910,160,$37965,$69614,796,3
1911,1655,$34856,$127313,830,3
1912,984,$32928,$80794,850,5
1913,1329,$28011,$20196,720,4
1914,1535,$33311,$65822,590,2
1915,1220,$34852,$53830,641,1
1916,833,$44501,$37251,683,2
1917,295,$30054,$60128,681,1
1918,1434,$40891,$61245,717,4
1919,208,$67747,$76650,804,3
1920,1909,$26510,$53023,696,4
1921,1356,$26676,$1370,733,5
1922,265,$45497,$101549,713,3
1923,1947,$27971,$1265,765,4
1924,1089,$51501,$140481,729,3
1925,1790,$113797,$169684,660,1
1926,1999,$34134,$0,683,2
1927,614,$16430,$2873,779,7
1928,814,$16302,$14408,748,4
1929,175,$54091,$165960,675,1
1930,305,$29388,$21221,755,3
1931,1225,$62837,$86171,850,3
1932,1405,$48755,$37315,777,8
1933,1478,$44506,$57994,849,3
1934,1920,$31244,$51924,713,4
1935,241,$30605,$16549,737,5
1936,331,$29907,$16764,732,2
1937,8,$38497,$33413,699,2
1938,1354,$33336,$48213,692,3
1939,1258,$15470,$15349,789,7
1940,919,$67890,$112564,698,2
1941,1447,$68741,$203172,610,1
1942,902,$45025,$62719,635,1
1943,1318,$45664,$0,778,4
1944,1545,$30882,$60484,807,3
1945,1001,$36283,$60989,716,1
1946,1315,$32576,$0,753,4
1947,323,$26696,$0,683,5
1948,625,$47350,$47026,680,1
1949,979,$32678,$44434,693,3
1950,537,$64428,$122968,703,2
1951,1096,$41379,$95988,681,2
1952,1347,$55418,$20950,590,3
1953,1395,$153691,$197377,604,2
1954,1614,$36152,$81345,716,1
1955,1212,$39975,$52575,810,1
1956,1588,$58223,$128784,689,2
1957,121,$45419,$124370,721,3
1958,1773,$53873,$76960,742,1
1959,1859,$38689,$8942,836,5
1960,1339,$64429,$136163,773,2
1961,1894,$47602,$89319,790,2
1962,77,$51110,$3781,709,8
1963,1222,$28738,$48786,600,1
1964,363,$48686,$113137,701,3
1965,634,$49079,$6494,683,4
1966,628,$107075,$75999,815,3
1967,756,$59251,$29300,679,1
1968,971,$40572,$0,732,5
1969,111,$30004,$67526,738,3
1970,312,$47672,$115371,767,4
1971,1627,$37568,$53323,825,1
1972,1359,$45025,$49878,691,2
1973,174,$44644,$83108,716,3
1974,420,$33140,$51305,744,1
1975,488,$32126,$54351,745,2
1976,7,$32682,$21379,650,3
1977,863,$34406,$1636,774,3
1978,1854,$48337,$70603,625,2
1979,1041,$32522,$50155,639,1
1980,1616,$94260,$39326,815,4
1981,1805,$26613,$17008,718,2
1982,1284,$39947,$57346,765,2
1983,1735,$36583,$56310,614,6
1984,1528,$27992,$1058,695,6
1985,1278,$28417,$25959,684,3
1986,591,$38458,$65836,696,3
1987,97,$32952,$5077,765,1
1988,31,$45570,$0,712,3
1989,1380,$42444,$77510,736,2
1990,1240,$31814,$43140,693,3
1991,932,$34172,$71366,811,6
1992,378,$38241,$81833,596,1
1993,647,$26900,$74083,758,2
1994,391,$35270,$1769,731,6
1995,588,$47109,$76035,844,3
1996,986,$48010,$87837,703,3
1997,1944,$49378,$104480,740,4
1998,185,$30942,$71066,779,3
1999,1007,$54654,$27241,618,1
2000,1110,$65909,$181261,673,2
