user_id,birth_year,birth_month,gender,current_age,retirement_age
825,1966,11,Female,53,66
1746,1966,12,Female,53,68
1718,1938,11,Female,81,67
708,1957,1,Female,63,63
1164,1976,9,Male,43,70
68,1977,10,Male,42,70
1075,1983,12,Female,36,67
1711,1993,12,Male,26,67
1116,1938,7,Female,81,66
1752,1986,1,Female,34,60
192,1992,6,Male,27,66
640,1990,9,Female,29,63
1679,2002,1,Female,18,67
1094,1985,10,Male,34,62
1590,1971,5,Female,48,62
1660,1978,4,Female,41,68
1747,1966,1,Male,54,71
153,1943,8,Female,76,71
429,1997,11,Male,22,68
511,1953,10,Male,66,68
309,1991,8,Male,28,57
777,2002,1,Male,18,65
1946,1943,6,Male,76,66
1674,1949,4,Male,70,64
482,1975,1,Male,45,65
877,1983,8,Female,36,63
128,1979,4,Female,40,66
775,1982,9,Male,37,58
1536,1978,11,Male,41,67
140,1983,2,Female,37,72
1884,2001,5,Male,18,64
1874,1970,9,Male,49,66
1310,1986,9,Female,33,69
1689,1998,9,Female,21,66
379,1972,11,Female,47,65
34,1978,8,Male,41,55
822,1968,4,Female,51,68
1499,1973,11,Male,46,62
1780,1973,10,Male,46,70
1806,1961,2,Female,59,62
811,1929,2,Female,91,68
1844,1941,2,Male,79,72
1852,1962,12,Male,57,75
1231,1994,1,Female,26,52
970,1977,11,Male,42,66
381,1994,2,Male,26,69
1134,2002,2,Female,18,59
1296,1959,11,Female,60,64
1880,1958,11,Male,61,66
322,1972,10,Male,47,65
461,1977,12,Female,42,68
1165,1964,11,Female,55,73
1448,1971,12,Female,48,70
1288,1978,7,Female,41,57
1178,1960,11,Female,59,68
1391,1975,2,Male,45,59
838,1993,7,Male,26,70
54,1998,4,Female,21,68
1452,1973,5,Female,46,59
1602,1979,2,Female,41,66
1938,1997,7,Male,22,67
1492,1957,2,Female,63,58
688,1975,3,Male,44,67
749,1997,10,Male,22,68
643,1991,1,Female,29,65
1219,1991,6,Female,28,72
1198,1937,6,Male,82,67
898,1929,6,Female,90,66
882,1956,8,Male,63,65
348,1970,7,Female,49,70
633,1983,10,Female,36,69
1493,1989,11,Male,30,65
1161,1996,12,Male,23,66
217,1977,10,Male,42,65
1877,1955,1,Male,65,66
668,1932,10,Female,87,57
533,1997,9,Male,22,65
203,1961,3,Female,58,67
1738,1989,3,Male,30,68
713,1994,8,Female,25,71
1631,2001,11,Female,18,67
1487,1961,2,Female,59,69
1265,2002,2,Female,18,67
370,1958,11,Male,61,58
1014,1965,9,Female,54,70
290,1992,3,Female,27,66
985,1987,6,Male,32,65
135,1955,6,Female,64,69
307,2001,8,Male,18,69
1783,1967,9,Male,52,70
1321,1970,10,Female,49,66
1511,1977,1,Male,43,66
900,1983,7,Male,36,65
953,2001,6,Male,18,71
233,1982,12,Female,37,64
406,1996,5,Female,23,64
1069,1965,9,Male,54,69
180,1986,7,Female,33,67
996,1956,11,Female,63,67
1866,1998,2,Male,22,67
1981,1972,1,Male,48,65
870,1956,3,Female,63,64
16,1944,12,Male,75,67
46,1957,6,Male,62,66
800,1991,10,Female,28,73
1968,1994,11,Female,25,69
697,1964,1,Female,56,73
1269,1963,10,Male,56,56
1782,1961,2,Female,59,61
1977,1976,8,Female,43,69
1734,1982,11,Male,37,69
1913,1960,1,Female,60,57
858,1972,11,Male,47,67
606,1971,12,Male,48,67
1564,1984,10,Male,35,65
1109,1995,11,Male,24,65
1301,1993,5,Female,26,66
1399,1991,5,Male,28,71
1775,1993,8,Male,26,67
1673,1978,11,Male,41,67
1957,1979,9,Male,40,74
1033,2002,2,Female,18,58
1024,1953,4,Male,66,67
1441,1979,7,Male,40,66
1103,1974,5,Female,45,70
431,2000,3,Female,19,72
165,1986,2,Male,34,65
353,1996,2,Female,24,69
1758,1963,1,Male,57,66
1266,1984,9,Female,35,54
1943,2000,9,Female,19,65
792,1992,1,Female,28,65
1055,1982,4,Male,37,69
1159,1999,11,Male,20,69
1115,1966,9,Male,53,73
38,1974,12,Female,45,64
1027,1966,5,Male,53,68
11,1980,10,Female,39,67
871,1933,5,Female,86,71
746,1956,10,Male,63,67
1520,1952,10,Male,67,65
1372,1943,10,Female,76,66
1799,1987,4,Male,32,55
1905,1983,12,Male,36,68
130,1956,9,Female,63,69
1990,2000,12,Female,19,62
593,2000,7,Male,19,71
540,1994,9,Female,25,69
1155,1936,8,Female,83,65
663,1951,3,Female,68,63
1987,1956,9,Male,63,62
1484,1927,8,Female,92,72
417,1998,3,Male,21,65
298,1991,5,Male,28,65
306,2002,1,Male,18,69
607,1994,8,Male,25,64
1769,1944,7,Male,75,65
698,1964,10,Female,55,66
896,1993,2,Female,27,65
1975,1967,2,Female,53,67
645,1957,2,Female,63,64
227,1971,9,Male,48,66
84,1972,9,Male,47,68
1684,1963,11,Male,56,65
745,2001,12,Male,18,72
1508,1953,4,Female,66,69
1158,1957,4,Male,62,66
1427,1985,10,Female,34,66
352,1997,11,Male,22,65
1948,1995,3,Male,24,58
724,1974,5,Female,45,72
543,1976,3,Female,43,65
1559,1963,12,Female,56,67
1199,1990,6,Male,29,68
1745,2000,2,Female,20,65
1950,1980,3,Female,39,73
1397,1987,4,Male,32,72
873,1967,8,Female,52,68
1728,1972,10,Female,47,63
299,1979,7,Male,40,61
1742,1961,11,Female,58,67
1004,1960,5,Male,59,66
301,1972,11,Male,47,69
1011,1992,8,Female,27,66
906,1945,2,Male,75,69
110,1967,10,Female,52,72
1073,1976,5,Female,43,70
705,1935,9,Female,84,71
820,1949,12,Female,70,59
1188,1995,8,Female,24,61
1128,1972,7,Male,47,68
1479,1987,11,Male,32,60
1594,1980,11,Male,39,64
1485,1955,10,Male,64,69
1390,1982,6,Male,37,71
644,1961,3,Female,58,65
1912,1982,7,Female,37,60
1584,1992,9,Male,27,69
1803,1993,4,Female,26,60
1824,1996,7,Male,23,65
340,1999,8,Male,20,63
650,1974,8,Male,45,65
762,1970,9,Male,49,59
1061,1994,12,Male,25,67
1931,1961,6,Male,58,72
702,1973,7,Female,46,68
918,1976,5,Female,43,75
1137,1967,10,Male,52,67
66,1999,6,Female,20,71
1406,1983,7,Male,36,68
437,1973,6,Female,46,66
806,1995,4,Female,24,67
891,1981,10,Female,38,66
1191,1994,12,Female,25,69
701,1991,12,Female,28,59
1147,1939,3,Male,80,69
1625,1995,5,Female,24,66
1664,1981,10,Male,38,66
1273,1998,4,Male,21,71
1009,1979,1,Female,41,65
1341,1932,8,Male,87,72
925,1988,3,Male,31,68
824,1987,8,Female,32,66
563,1950,1,Male,70,65
1612,1951,8,Male,68,66
1700,1975,1,Female,45,62
963,1995,12,Female,24,70
904,1987,8,Male,32,66
1586,1977,1,Male,43,65
1286,1966,10,Female,53,67
719,1966,11,Female,53,66
1469,1998,12,Male,21,68
930,1998,1,Male,22,65
1814,1979,1,Female,41,68
1723,1978,10,Female,41,66
1377,1987,11,Female,32,68
470,1964,2,Male,56,65
1804,2001,9,Male,18,65
229,1984,6,Female,35,57
1512,1975,6,Male,44,65
1543,1988,10,Female,31,68
147,1989,4,Male,30,66
1941,1981,8,Male,38,78
901,1971,9,Male,48,66
191,1991,10,Male,28,65
12,2002,2,Female,18,63
1828,1969,6,Male,50,68
29,1951,8,Female,68,60
181,1994,1,Female,26,65
995,1979,5,Female,40,64
1218,1999,6,Male,20,71
186,1958,11,Female,61,69
171,1976,5,Female,43,70
1401,1995,11,Male,24,71
1314,1976,11,Male,43,70
1560,1958,5,Female,61,60
613,1980,9,Female,39,69
346,1929,11,Female,90,74
812,1978,4,Female,41,67
13,1967,6,Female,52,61
602,1963,1,Male,57,67
657,1936,11,Female,83,68
909,1981,5,Male,38,64
183,1995,12,Female,24,65
1792,2001,11,Female,18,68
1599,1997,7,Male,22,68
1267,1938,10,Female,81,65
411,1990,1,Male,30,67
350,1957,8,Female,62,70
1323,1983,3,Female,36,68
934,1987,12,Female,32,63
421,1967,1,Female,53,67
223,1982,10,Female,37,67
1402,1984,10,Male,35,63
1650,2002,2,Male,18,67
354,1942,8,Female,77,72
314,1992,6,Male,27,66
1457,1999,6,Male,20,66
1613,1980,12,Male,39,65
945,2001,2,Male,19,66
586,1983,2,Male,37,63
119,1975,9,Female,44,67
1312,1988,4,Female,31,66
1529,1968,4,Male,51,69
326,2001,3,Male,18,61
1596,1977,3,Male,42,69
714,1958,10,Female,61,67
887,1964,4,Male,55,66
1425,1931,4,Female,88,67
1645,1957,11,Female,62,65
1863,1975,12,Female,44,61
1576,1932,1,Female,88,65
1268,1972,9,Male,47,63
1565,1983,1,Female,37,66
1842,1974,10,Male,45,64
664,1997,4,Female,22,68
485,1980,10,Male,39,64
244,1979,7,Female,40,62
145,1962,1,Female,58,65
866,1985,3,Male,34,67
1424,1918,5,Female,101,68
427,1975,11,Female,44,66
684,1969,2,Male,51,63
1643,1991,6,Female,28,64
1300,1961,3,Male,58,66
283,2000,11,Male,19,69
355,1997,11,Female,22,62
1669,1975,5,Male,44,62
937,1973,1,Female,47,63
845,1961,8,Male,58,72
1518,1957,8,Male,62,70
1591,1961,6,Female,58,66
1172,1970,2,Male,50,64
1629,1977,6,Female,42,63
675,1980,1,Male,40,67
577,1992,1,Female,28,65
854,1994,2,Female,26,65
1261,1961,7,Male,58,70
1227,1954,11,Female,65,67
840,1952,1,Female,68,64
733,1983,7,Male,36,68
454,1931,4,Female,88,65
961,1944,2,Male,76,63
768,1966,10,Female,53,67
817,1993,5,Male,26,67
78,1983,1,Male,37,63
1334,1981,4,Female,38,65
1610,1978,1,Female,42,66
108,1969,11,Female,50,68
1308,1984,2,Female,36,67
780,1945,11,Male,74,66
1340,1966,8,Male,53,68
1888,1944,6,Female,75,59
247,1970,7,Female,49,69
238,1997,6,Male,22,62
915,1975,4,Male,44,64
1927,1991,5,Male,28,65
1658,1991,3,Female,28,59
1208,1981,9,Male,38,72
1255,1995,9,Male,24,67
85,1990,4,Male,29,60
1382,1961,7,Male,58,65
1932,1993,12,Female,26,60
1217,1960,12,Female,59,66
514,1961,8,Male,58,72
232,1962,5,Female,57,66
445,1977,12,Female,42,59
1206,1985,9,Female,34,65
1276,1937,6,Female,82,66
875,1981,2,Male,39,71
1546,1971,11,Male,48,61
422,2000,11,Female,19,62
519,1962,6,Female,57,67
1408,1978,2,Male,42,67
1204,1977,6,Male,42,67
276,1995,1,Male,25,70
1133,1989,10,Female,30,66
1035,1997,6,Male,22,71
710,1959,9,Female,60,68
582,1966,8,Male,53,63
821,1946,7,Male,73,60
1352,1954,3,Female,65,64
831,1983,10,Male,36,66
936,2001,6,Female,18,67
578,1944,8,Male,75,71
1997,1943,8,Male,76,69
258,1968,3,Male,51,68
851,1931,10,Female,88,65
1951,1971,5,Female,48,66
1978,2000,12,Female,19,71
1897,1981,3,Male,38,67
972,1984,5,Male,35,69
1010,1979,12,Female,40,64
1243,1989,1,Female,31,72
1976,1986,3,Female,33,69
91,1981,10,Female,38,72
1606,1970,8,Male,49,66
1201,1959,11,Male,60,66
1887,2002,1,Male,18,70
195,2002,2,Female,18,70
874,1995,3,Male,24,68
1317,1978,7,Female,41,68
1311,1992,11,Male,27,71
785,2001,11,Male,18,67
662,1987,11,Female,32,71
847,1938,4,Female,81,68
685,1998,4,Male,21,68
617,1992,6,Female,27,69
23,2001,5,Female,18,70
339,2000,7,Female,19,75
280,1979,10,Female,40,66
1473,1968,11,Female,51,67
65,1968,10,Female,51,72
1353,1970,2,Female,50,65
736,1992,9,Female,27,66
1670,1951,12,Male,68,65
1776,1972,10,Male,47,75
1474,1996,12,Female,23,65
951,1962,9,Female,57,66
1818,1934,6,Female,85,65
1450,1998,2,Male,22,70
1524,1993,3,Male,26,60
1789,1979,3,Female,40,65
767,1988,1,Female,32,63
678,1957,2,Female,63,67
471,1967,9,Male,52,65
757,1957,9,Female,62,65
1724,1999,5,Female,20,66
1603,1978,12,Male,41,65
224,1999,11,Female,20,67
808,1981,11,Female,38,66
1326,1968,2,Female,52,73
158,1989,2,Female,31,72
1928,1963,7,Male,56,68
1575,1968,5,Female,51,68
1608,2000,9,Female,19,68
1455,1983,12,Male,36,67
1916,1937,4,Male,82,71
1617,1989,10,Male,30,60
143,1997,6,Female,22,68
1176,1980,10,Male,39,64
1194,1970,3,Male,49,70
423,1991,3,Female,28,70
580,1984,5,Male,35,65
4,1965,3,Female,54,72
530,1941,7,Male,78,68
1826,1974,5,Female,45,61
595,1941,2,Male,79,66
1022,1972,12,Female,47,64
1108,2000,3,Male,19,67
246,1969,9,Female,50,70
270,1989,8,Male,30,62
1945,1964,2,Female,56,70
1540,1964,9,Female,55,61
1149,1994,12,Male,25,74
1438,1994,1,Female,26,64
409,1965,8,Female,54,65
694,1990,5,Male,29,66
382,1964,11,Male,55,68
629,1947,5,Male,72,70
1211,1953,3,Female,66,68
823,1978,3,Female,41,65
1304,1995,8,Female,24,70
89,1984,6,Male,35,67
1751,1990,11,Female,29,66
888,1966,6,Male,53,67
81,1953,3,Female,66,68
1021,1998,11,Female,21,67
826,1952,11,Female,67,60
87,1961,5,Male,58,71
1833,1993,1,Male,27,71
829,1990,3,Female,29,70
1879,1969,5,Male,50,60
236,1983,3,Female,36,65
1619,1988,6,Male,31,66
1146,1997,3,Female,22,69
803,1951,2,Female,69,73
193,1996,7,Female,23,65
1686,1965,3,Female,54,67
1959,1973,4,Male,46,59
1342,1993,1,Female,27,61
1371,1933,6,Female,86,65
1067,1943,12,Male,76,63
1019,1939,1,Female,81,57
1568,1972,5,Female,47,67
1765,1979,3,Male,40,68
1875,1963,4,Male,56,69
1111,1999,3,Female,20,65
1160,1992,4,Male,27,65
1574,1997,3,Female,22,69
189,1978,2,Male,42,70
466,1961,8,Female,58,64
659,1962,5,Male,57,67
942,1982,7,Male,37,65
1234,1975,10,Male,44,64
841,1997,6,Male,22,67
1388,1993,10,Male,26,71
1056,1995,3,Female,24,65
345,1986,7,Male,33,67
308,1976,1,Male,44,65
1922,1940,11,Male,79,65
1156,1963,6,Female,56,69
561,1971,6,Male,48,67
507,1998,2,Male,22,70
1522,1931,10,Female,88,66
695,1970,7,Female,49,68
285,1957,8,Male,62,69
113,1946,1,Female,74,71
1039,1951,3,Male,68,64
176,1974,12,Female,45,71
1104,1928,3,Male,91,66
946,1971,5,Male,48,66
1465,1991,2,Female,29,65
25,1997,3,Female,22,64
571,1977,11,Male,42,68
1396,1997,5,Male,22,61
599,1993,3,Male,26,71
1074,1957,6,Female,62,65
214,1989,8,Male,30,62
771,1975,9,Male,44,69
520,1974,4,Male,45,66
288,1974,5,Female,45,69
1979,1982,2,Female,38,68
1253,1987,10,Female,32,64
311,1973,12,Female,46,68
1346,1966,3,Female,53,65
1622,1979,1,Female,41,61
852,1985,1,Female,35,68
1394,1989,4,Female,30,58
957,1946,9,Female,73,64
515,1958,10,Male,61,63
1303,1953,3,Male,66,69
1287,1987,7,Female,32,67
296,1971,3,Male,48,71
1059,1969,4,Male,50,64
1378,1973,3,Female,46,67
1297,1961,11,Male,58,67
1727,1973,10,Female,46,67
310,1994,2,Male,26,61
673,1971,7,Male,48,68
1283,1970,1,Male,50,65
1239,1985,11,Female,34,65
1691,1996,11,Female,23,61
1078,1963,12,Female,56,65
124,1988,8,Female,31,70
99,1956,11,Female,63,65
1722,1995,9,Female,24,65
562,1982,8,Female,37,61
750,1959,1,Female,61,68
1223,1966,6,Male,53,67
1319,2000,3,Female,19,68
575,1935,12,Male,84,65
428,1980,11,Male,39,69
828,1960,3,Female,59,71
1580,2000,4,Female,19,61
1570,1998,4,Female,21,67
846,1971,11,Female,48,66
666,1963,2,Male,57,56
335,1973,7,Female,46,68
639,1965,2,Female,55,73
386,1971,11,Male,48,64
886,1999,11,Male,20,67
297,1999,9,Male,20,66
1860,1986,6,Female,33,65
581,1971,3,Male,48,67
1910,1970,5,Male,49,59
731,1988,7,Male,31,73
21,1972,2,Male,48,66
273,1977,4,Female,42,72
63,1979,12,Male,40,64
786,2002,2,Male,18,62
1886,1993,12,Male,26,66
103,1978,3,Female,41,71
1193,1929,11,Female,90,75
585,1967,9,Male,52,62
1532,1991,3,Female,28,65
1958,1969,2,Male,51,72
744,1961,10,Female,58,67
1836,1984,10,Male,35,73
477,1962,3,Male,57,67
1713,2001,11,Female,18,68
1506,1994,10,Male,25,63
357,1960,9,Female,59,67
535,1968,12,Female,51,63
778,1959,12,Male,60,60
950,1996,9,Female,23,66
1080,1963,11,Female,56,63
1197,1992,1,Female,28,64
711,1980,10,Male,39,60
1731,1956,1,Female,64,66
451,1954,12,Male,65,67
1290,1966,6,Male,53,68
1817,1968,2,Female,52,64
56,1998,2,Female,22,73
1383,1951,4,Female,68,64
1915,1965,6,Male,54,65
1882,1961,10,Male,58,65
1467,1993,9,Female,26,69
1791,1958,11,Male,61,67
447,1940,3,Male,79,68
1640,1952,10,Female,67,71
636,1973,2,Female,47,69
782,1968,7,Female,51,66
316,1983,8,Male,36,69
1192,1976,2,Female,44,68
787,2000,3,Female,19,67
251,1998,8,Male,21,66
1351,2001,12,Female,18,55
490,1933,9,Male,86,68
1935,1997,2,Female,23,65
387,1985,10,Male,34,65
869,1946,9,Male,73,68
1865,2000,9,Male,19,66
268,1999,9,Female,20,62
1124,1974,3,Male,45,66
721,1980,5,Male,39,67
813,1973,6,Male,46,70
152,1982,3,Female,37,68
1896,1969,9,Female,50,79
1028,1970,1,Male,50,66
922,2001,4,Male,18,64
549,1968,4,Male,51,65
565,1965,10,Male,54,65
1980,1965,5,Male,54,63
1494,1993,3,Male,26,71
1809,1977,9,Female,42,71
637,1978,2,Female,42,68
1770,1989,9,Male,30,66
527,1961,11,Male,58,65
1139,1995,4,Female,24,68
1459,1967,2,Male,53,65
1544,1983,9,Female,36,65
1174,1994,11,Male,25,65
112,1965,12,Female,54,66
369,1980,9,Male,39,65
994,1934,10,Female,85,67
1592,2000,9,Male,19,67
1029,1953,3,Male,66,72
1680,1960,11,Female,59,63
1052,1958,12,Male,61,61
494,1980,5,Male,39,68
94,1961,1,Female,59,72
425,1981,11,Male,38,67
1720,1964,5,Female,55,60
1699,1953,1,Female,67,65
1495,1967,12,Male,52,70
1005,1998,11,Male,21,67
439,1986,8,Female,33,59
1285,1951,12,Female,68,53
1973,1962,1,Female,58,65
448,1978,8,Male,41,63
1907,1982,5,Female,37,66
73,1971,12,Male,48,73
1097,1980,10,Male,39,68
1644,1937,1,Male,83,65
967,1978,10,Female,41,56
1929,1990,8,Male,29,64
1114,1976,1,Male,44,66
1087,1979,12,Female,40,65
95,1994,8,Female,25,67
1778,1990,3,Male,29,63
1031,1959,1,Male,61,68
788,2001,1,Female,19,66
728,1989,7,Female,30,67
1639,1961,5,Male,58,67
1587,1988,12,Male,31,67
1883,1943,5,Male,76,66
712,1945,3,Female,74,67
1414,1948,8,Female,71,66
243,1999,3,Male,20,63
146,1972,7,Female,47,67
715,1983,1,Female,37,75
1489,1961,11,Female,58,65
1232,2002,1,Male,18,69
842,1959,2,Male,61,65
486,1996,4,Male,23,71
763,1985,1,Male,35,61
154,1971,6,Male,48,61
704,1968,7,Female,51,67
1409,1996,5,Male,23,65
1601,1993,5,Female,26,65
729,1939,4,Female,80,67
1016,1978,8,Female,41,53
1214,1979,11,Male,40,64
1760,1984,11,Female,35,66
927,1982,6,Male,37,68
1667,2002,2,Male,18,70
1796,1959,4,Female,60,67
179,1986,5,Female,33,67
395,1981,2,Male,39,72
513,1995,10,Male,24,69
187,1984,9,Female,35,72
491,1979,6,Male,40,69
1153,1956,4,Male,63,62
377,1940,1,Female,80,67
850,1981,12,Female,38,66
1186,1973,10,Male,46,65
1694,1936,3,Female,83,65
716,1988,5,Male,31,70
1131,1943,4,Male,76,69
1719,1938,9,Female,81,64
254,1989,5,Male,30,66
226,1989,8,Male,30,68
1307,1967,4,Female,52,61
1095,1948,2,Male,72,66
1729,1990,9,Female,29,56
1466,1983,4,Female,36,75
1226,1978,2,Male,42,67
1755,1967,2,Male,53,70
475,1999,11,Male,20,66
1956,1976,8,Female,43,71
706,1986,9,Female,33,68
474,1964,4,Male,55,66
1259,1955,7,Female,64,69
320,1985,8,Male,34,75
93,1986,8,Female,33,69
1182,1989,4,Male,30,65
150,1968,8,Female,51,73
1327,1999,12,Female,20,67
784,1975,6,Male,44,67
1471,1988,11,Male,31,76
367,1992,8,Female,27,67
1050,1976,3,Female,43,65
207,1946,10,Female,73,65
1838,2001,12,Female,18,68
798,1969,9,Female,50,68
1207,1978,10,Male,41,65
1012,1984,6,Female,35,66
844,1955,2,Male,65,64
334,1975,11,Male,44,65
815,2000,6,Male,19,60
1100,1958,7,Male,61,73
407,1996,8,Female,23,66
1244,1976,5,Female,43,69
1740,1983,12,Male,36,67
1754,1985,11,Female,34,67
1184,1950,1,Male,70,74
1440,1993,4,Male,26,58
200,1962,11,Female,57,65
1446,1991,4,Male,28,61
1263,1963,8,Female,56,70
1483,2001,12,Male,18,70
1085,1992,6,Female,27,66
1961,2002,1,Male,18,66
776,1964,12,Male,55,73
890,1983,1,Female,37,66
1445,1951,6,Male,68,68
74,1965,5,Female,54,74
1216,1993,11,Female,26,61
797,1958,9,Female,61,69
610,2002,1,Male,18,58
1917,1970,5,Male,49,69
975,1991,5,Female,28,67
109,1990,8,Female,29,66
547,1949,5,Male,70,66
347,1991,8,Female,28,63
201,1958,5,Male,61,65
1368,1990,5,Female,29,69
1547,1992,2,Male,28,66
1812,1988,5,Female,31,62
1379,1943,6,Male,76,72
82,1997,9,Female,22,68
1053,1960,5,Male,59,66
1893,1993,12,Male,26,59
955,1987,2,Male,33,67
856,1965,7,Male,54,59
1361,1952,12,Male,67,66
261,1979,2,Male,41,66
64,1980,3,Female,39,68
1864,1999,8,Male,20,69
1768,1991,9,Female,28,65
1151,1966,12,Male,53,65
356,1969,10,Female,50,73
1393,1967,4,Female,52,67
865,1979,2,Male,41,65
1914,1998,4,Female,21,70
1641,1989,3,Male,30,69
707,1997,12,Female,22,67
3,1970,12,Male,49,65
754,1943,3,Female,76,69
148,1957,8,Male,62,66
127,1971,7,Male,48,68
1675,1983,8,Male,36,70
747,1956,4,Male,63,64
1942,1942,3,Female,77,63
452,1988,3,Male,31,74
1157,1986,12,Female,33,58
1534,1983,7,Male,36,65
1086,1962,12,Female,57,64
1984,1990,5,Female,29,60
835,1987,4,Male,32,65
758,1956,12,Male,63,68
1795,1994,10,Female,25,66
1221,1955,11,Female,64,69
1821,1998,9,Male,21,68
1248,1968,7,Female,51,71
1900,1958,2,Female,62,62
597,1948,1,Male,72,66
1620,1998,6,Male,21,68
1213,1985,11,Male,34,69
619,1965,12,Male,54,65
1043,1998,9,Female,21,61
394,1967,4,Male,52,71
1376,1971,1,Female,49,68
834,2000,11,Male,19,68
837,1989,4,Male,30,65
1257,1964,7,Male,55,67
1966,1977,11,Male,42,68
358,1983,7,Female,36,71
912,1973,8,Male,46,66
605,1977,10,Male,42,73
1362,1962,1,Male,58,67
1513,1972,2,Male,48,66
1521,1948,3,Female,71,71
564,1962,6,Male,57,64
1309,1932,4,Female,87,64
1583,1981,10,Male,38,68
1885,1973,9,Male,46,65
1566,1976,1,Male,44,64
401,1938,9,Male,81,71
15,1968,2,Female,52,66
1666,1958,12,Male,61,62
509,1986,7,Male,33,66
954,1968,6,Male,51,65
832,1979,5,Female,40,67
1046,1975,6,Male,44,66
630,1959,7,Male,60,66
1561,1941,5,Female,78,67
1548,1978,10,Male,41,65
221,1956,12,Female,63,65
1991,1998,10,Male,21,65
1328,1992,1,Female,28,68
1901,1956,3,Female,63,69
665,1939,1,Female,81,65
442,1972,8,Male,47,66
1626,1961,7,Male,58,63
1539,1977,3,Female,42,61
601,1951,7,Male,68,67
541,1968,7,Female,51,70
210,1973,8,Male,46,63
206,1992,2,Female,28,59
926,1999,11,Female,20,60
115,1958,7,Male,61,69
1779,1989,4,Male,30,69
248,1939,12,Female,80,67
1003,1968,11,Male,51,62
294,1983,8,Male,36,59
118,1963,12,Female,56,68
292,1996,9,Female,23,65
755,1945,11,Female,74,67
1878,2002,1,Male,18,64
1432,1977,8,Male,42,72
456,1965,10,Male,54,63
623,1956,4,Male,63,60
1426,1997,4,Female,22,66
47,1972,9,Male,47,62
760,1964,2,Female,56,64
956,1989,12,Female,30,66
194,1968,2,Male,52,68
693,1999,8,Female,20,66
1246,1970,5,Female,49,67
641,1957,11,Male,62,68
1060,1944,2,Male,76,68
1292,1999,4,Male,20,68
1113,2000,5,Female,19,69
245,1980,7,Female,39,65
774,1973,7,Male,46,61
1822,1933,1,Female,87,65
1209,1974,6,Female,45,67
997,1963,2,Female,57,67
1180,1991,9,Male,28,69
318,1957,5,Male,62,67
691,1985,12,Female,34,64
1993,1960,3,Female,59,72
252,1953,1,Male,67,70
1757,1980,11,Male,39,68
1324,1974,11,Female,45,61
1557,1970,2,Female,50,66
1555,1991,6,Female,28,64
941,1963,6,Female,56,72
156,1983,7,Female,36,67
24,1971,11,Female,48,64
302,1992,8,Female,27,67
949,1990,11,Female,29,71
1281,1927,12,Female,92,61
1428,1984,11,Female,35,62
433,1970,4,Male,49,65
584,1958,8,Male,61,68
1832,1983,10,Male,36,67
222,1971,7,Female,48,70
648,1980,2,Female,40,61
1939,1976,11,Female,43,69
722,1995,1,Male,25,66
1889,1953,7,Male,66,67
1229,1970,2,Male,50,66
505,1980,12,Female,39,63
1083,1975,3,Female,44,65
1656,1984,5,Female,35,69
568,1996,2,Male,24,66
1373,1984,12,Female,35,66
667,1936,3,Male,83,63
480,1969,11,Male,50,68
569,1968,2,Male,52,73
1600,1957,9,Female,62,66
1063,1956,2,Male,64,66
32,1937,9,Female,82,67
1040,1991,10,Female,28,67
396,1930,10,Female,89,72
1498,1972,7,Female,47,66
104,1986,11,Female,33,65
1062,1961,6,Male,58,65
1845,1989,7,Male,30,68
1657,1984,9,Male,35,68
1106,1958,2,Female,62,62
1867,1986,10,Male,33,69
1045,1992,7,Male,27,66
1786,1971,3,Female,48,63
1569,1951,3,Female,68,65
899,1990,6,Female,29,65
1595,1972,5,Female,47,65
446,1997,1,Male,23,68
53,1970,12,Female,49,68
1136,1996,12,Male,23,65
551,1955,1,Male,65,67
1491,1978,4,Female,41,68
330,1984,2,Male,36,71
392,1969,11,Female,50,65
1144,1962,12,Female,57,66
1163,1975,1,Male,45,61
230,1980,10,Female,39,65
1066,1973,6,Female,46,65
460,1954,12,Male,65,65
1661,1977,5,Female,42,67
1926,1950,1,Female,70,67
27,1941,8,Female,78,63
365,1964,9,Female,55,70
50,1951,7,Female,68,72
653,2001,2,Female,19,65
743,1975,4,Female,44,66
999,2000,10,Female,19,62
940,1970,6,Female,49,61
534,1993,2,Female,27,74
1460,1995,7,Female,24,65
59,1934,8,Female,85,69
1908,1942,2,Female,78,66
1436,1998,8,Female,21,55
1230,2002,1,Male,18,50
324,1998,7,Female,21,68
992,1973,4,Male,46,70
198,1970,3,Female,49,73
1017,1995,7,Male,24,69
1813,1984,4,Female,35,66
1989,1988,12,Male,31,66
1148,1965,4,Male,54,70
872,1959,1,Female,61,66
458,1973,11,Male,46,62
920,1978,11,Female,41,68
1598,1937,6,Male,82,61
1876,1969,7,Male,50,70
412,1994,10,Male,25,65
190,1979,4,Male,40,67
163,1983,2,Male,37,73
567,1994,6,Male,25,69
503,1973,2,Female,47,61
469,1952,3,Female,67,67
1851,1972,1,Male,48,72
1523,1958,10,Female,61,73
35,1999,6,Male,20,64
317,1952,3,Female,67,65
1195,1944,7,Male,75,68
1238,1988,7,Female,31,72
432,1964,11,Female,55,64
1082,1985,10,Female,34,67
120,1969,9,Female,50,71
1289,1986,11,Male,33,64
1502,1999,2,Male,21,67
1497,1964,12,Female,55,64
1047,1994,2,Male,26,67
0,1986,3,Male,33,69
351,1928,9,Female,91,70
1797,1952,11,Male,67,65
1386,1960,6,Male,59,62
1122,1986,11,Female,33,66
255,2001,8,Female,18,57
765,2002,2,Male,18,68
703,1966,11,Female,53,66
1919,1936,11,Male,83,59
791,1941,11,Female,78,57
199,1952,4,Female,67,67
282,1977,5,Male,42,66
908,1957,8,Male,62,70
880,1991,3,Male,28,65
770,1984,8,Male,35,66
1169,1968,11,Female,51,68
522,1994,2,Female,26,65
1736,1977,1,Male,43,67
506,1964,1,Male,56,68
131,1996,10,Female,23,75
76,1997,8,Female,22,63
249,1977,9,Female,42,69
1279,1941,7,Male,78,65
1652,1969,2,Female,51,65
739,1981,7,Female,38,64
1475,1921,11,Female,98,60
1251,1990,10,Female,29,67
1119,1996,11,Female,23,63
592,1952,2,Male,68,65
692,1967,8,Female,52,65
1065,1978,8,Female,41,69
1764,1960,6,Male,59,68
1830,1963,9,Male,56,75
157,1972,10,Male,47,65
676,1980,2,Male,40,65
1481,1947,6,Male,72,65
1902,1984,2,Female,36,68
123,1976,9,Female,43,66
1995,1955,7,Female,64,62
1688,1992,7,Female,27,66
1895,1963,3,Female,56,65
1891,1973,2,Female,47,66
453,1994,2,Female,26,67
341,1969,10,Male,50,66
1571,1961,6,Female,58,66
1615,1954,1,Female,66,59
1647,2002,2,Female,18,65
680,1977,8,Female,42,63
52,1963,4,Female,56,66
1387,1991,5,Male,28,65
1034,1961,7,Female,58,66
677,1979,5,Male,40,65
440,1976,11,Female,43,50
338,1951,8,Female,68,72
1120,1975,5,Female,44,69
1127,1960,8,Male,59,70
1662,1978,5,Male,41,67
1462,1989,7,Female,30,63
1848,1988,11,Female,31,66
1444,1955,10,Male,64,67
45,1959,1,Female,61,67
1102,1970,7,Female,49,65
1636,1970,5,Male,49,66
502,1974,1,Male,46,66
1630,1996,1,Male,24,65
266,2000,3,Female,19,65
5,1955,2,Male,65,65
1712,1938,1,Female,82,65
1360,1978,4,Male,41,61
1013,1995,1,Female,25,69
993,1972,8,Female,47,64
642,1984,5,Female,35,62
1871,1936,7,Male,83,65
1721,1983,3,Female,36,68
868,1941,11,Male,78,64
1517,1982,3,Male,37,71
364,1954,5,Female,65,65
686,1956,1,Male,64,65
696,1945,7,Female,74,67
962,1992,1,Male,28,69
1407,1979,12,Male,40,71
1015,1986,4,Female,33,67
1456,1971,8,Male,48,70
1861,1962,5,Female,57,65
161,1988,11,Male,31,70
263,1989,11,Male,30,69
1389,1979,8,Female,40,64
1707,1991,12,Female,28,70
1374,1991,7,Female,28,66
1855,1952,3,Male,67,66
867,1993,9,Male,26,71
274,1976,4,Female,43,67
1552,1957,6,Male,62,67
635,1994,7,Female,25,64
1526,1966,3,Female,53,64
319,1952,12,Male,67,67
740,1989,8,Female,30,62
965,2002,1,Female,18,68
1421,1989,7,Male,30,65
1538,1937,8,Male,82,62
1101,1994,12,Female,25,70
92,1943,10,Female,76,68
125,1956,2,Female,64,70
449,1962,2,Female,58,70
1173,1948,3,Male,71,67
1810,1953,12,Male,66,66
1843,1930,11,Male,89,73
1578,1933,11,Male,86,62
658,1980,2,Female,40,64
1858,1946,12,Male,73,64
1663,1995,7,Male,24,59
1503,1960,3,Male,59,67
725,2002,1,Male,18,68
1671,1969,3,Male,50,57
1233,1984,5,Male,35,67
1271,1985,10,Male,34,66
473,1986,10,Female,33,66
1541,1971,10,Female,48,65
149,1995,3,Female,24,54
560,1960,4,Male,59,65
1006,1982,4,Male,37,68
368,1945,2,Male,75,73
1696,1956,12,Female,63,65
416,1933,8,Female,86,65
51,1991,2,Female,29,67
196,1975,5,Female,44,64
690,1948,3,Female,71,64
1477,1972,7,Male,47,67
260,1958,2,Male,62,70
857,1929,10,Male,90,62
1167,1978,1,Female,42,65
1358,1950,4,Female,69,70
1611,1952,1,Female,68,58
734,1976,7,Female,43,61
1507,1980,12,Female,39,67
504,1982,1,Female,38,68
524,1962,3,Male,57,62
525,1964,4,Male,55,66
250,1970,2,Female,50,64
479,1962,10,Male,57,69
343,1964,9,Female,55,72
1196,1959,6,Female,60,61
1530,1956,2,Female,64,68
1963,1921,11,Male,98,69
764,1943,1,Female,77,68
213,1982,5,Female,37,68
410,1966,2,Female,54,60
1685,1966,7,Male,53,61
225,1987,3,Male,32,68
1210,1987,11,Male,32,65
1336,2001,7,Female,18,67
576,1951,6,Female,68,64
1677,1969,2,Male,51,67
1969,1935,4,Male,84,65
1431,1963,3,Female,56,61
558,2000,5,Male,19,63
1482,1965,8,Male,54,64
1295,1950,2,Female,70,70
1468,1954,1,Male,66,65
538,1954,2,Female,66,69
748,1965,1,Male,55,69
1068,1998,11,Male,21,67
41,1981,3,Male,38,70
807,1967,8,Female,52,71
1430,1950,4,Female,69,69
1873,1968,12,Female,51,67
204,1988,9,Female,31,67
424,1995,4,Female,24,69
980,1935,8,Male,84,69
1415,1991,12,Male,28,68
600,2001,5,Male,18,55
652,1937,9,Female,82,66
1129,1970,4,Male,49,65
885,1983,12,Male,36,66
1899,1988,8,Female,31,67
1369,1961,1,Female,59,67
1057,1980,7,Female,39,71
1302,1958,2,Female,62,72
415,1966,5,Male,53,65
83,1988,5,Male,31,69
1093,2002,2,Male,18,70
28,1980,4,Female,39,65
33,1942,6,Female,77,71
1646,1965,11,Male,54,69
1847,1998,1,Female,22,60
1152,1977,2,Male,43,65
134,1976,12,Male,43,67
188,1995,6,Male,24,57
220,1986,11,Female,33,67
1343,1997,7,Female,22,62
1930,1993,10,Male,26,68
1260,1991,12,Male,28,65
96,1950,12,Female,69,66
1166,1975,5,Female,44,66
1533,1980,12,Female,39,70
88,1997,8,Male,22,68
1451,1961,4,Female,58,57
57,1992,2,Female,28,66
1335,1968,10,Female,51,66
816,1964,2,Male,56,65
1081,1988,9,Female,31,60
1385,1968,7,Female,51,68
1125,1994,8,Male,25,71
1952,1993,7,Female,26,54
1870,1995,6,Male,24,70
1345,1936,9,Female,83,66
1695,1974,12,Female,45,66
1906,2001,10,Male,18,71
1985,1969,3,Female,50,69
1604,1964,11,Male,55,72
1933,1993,5,Male,26,64
649,1971,9,Male,48,65
1486,1980,4,Female,39,63
1744,1988,3,Female,31,69
1272,1992,6,Male,27,69
400,1973,5,Female,46,68
1994,1971,9,Female,48,66
572,1991,1,Male,29,67
1442,1979,1,Male,41,58
1853,1980,5,Male,39,70
556,1973,12,Male,46,66
1960,1989,12,Male,30,61
321,1967,5,Male,52,67
483,1971,2,Female,49,68
404,1975,9,Male,44,61
1510,1988,1,Male,32,59
916,1998,8,Male,21,68
1635,1965,3,Male,54,58
1384,1946,1,Female,74,67
943,1955,4,Male,64,61
1236,1947,9,Female,72,65
969,1996,2,Female,24,70
508,1995,7,Male,24,69
496,1972,8,Male,47,63
450,1980,9,Male,39,66
1753,1974,2,Male,46,58
304,1988,8,Male,31,68
839,1975,1,Female,45,63
138,1977,2,Female,43,68
43,1993,8,Female,26,66
1187,1964,9,Male,55,67
849,1952,7,Female,67,69
654,1972,7,Female,47,69
1898,1975,9,Male,44,72
1971,1971,9,Male,48,66
1020,1991,1,Female,29,66
22,1963,3,Male,56,66
436,2000,1,Female,20,65
1823,1952,5,Male,67,70
589,1961,11,Male,58,72
49,1981,6,Male,38,74
1350,1998,2,Female,22,65
1525,1976,9,Female,43,70
69,1965,10,Female,54,67
234,1977,11,Female,42,73
608,1987,10,Male,32,65
1064,1969,12,Female,50,65
374,1961,11,Male,58,66
286,1981,10,Male,38,69
1419,1966,9,Female,53,64
1435,1978,10,Female,41,78
1683,1976,12,Male,43,69
727,1975,5,Male,44,68
1150,1973,4,Male,46,67
332,1958,7,Male,61,65
487,1967,7,Male,52,68
735,1970,12,Female,49,67
137,1986,7,Female,33,65
570,1985,9,Male,34,65
1121,1975,6,Female,44,68
860,1965,2,Male,55,65
518,1988,4,Male,31,61
1203,1984,2,Male,36,62
944,1961,10,Male,58,71
388,1994,10,Female,25,66
741,1944,9,Male,75,66
1737,1967,3,Male,52,65
1709,1957,3,Female,62,69
1018,1929,10,Female,90,71
275,1977,2,Female,43,58
1367,1970,6,Female,49,67
1965,1996,1,Male,24,65
284,1968,4,Male,51,65
79,1949,10,Female,70,66
1515,1942,12,Female,77,67
1934,1973,1,Female,47,67
9,1990,12,Male,29,60
1964,1951,12,Male,68,64
982,1973,10,Male,46,67
1676,1968,12,Male,51,65
1519,1978,3,Female,41,72
1098,1969,3,Male,50,71
554,1960,8,Male,59,67
596,1991,11,Male,28,65
170,1985,9,Male,34,71
794,1970,11,Female,49,67
1697,1955,6,Male,64,67
573,1967,7,Male,52,69
1715,1987,3,Female,32,72
1607,1998,4,Male,21,66
1026,1935,5,Male,84,70
1892,1997,7,Male,22,62
402,1972,6,Male,47,72
1628,1964,2,Male,56,59
553,1947,1,Male,73,65
1551,1972,12,Male,47,70
1672,1991,9,Male,28,70
426,1993,4,Female,26,65
1135,1931,1,Female,89,69
1420,1932,8,Female,87,70
1589,1981,1,Female,39,70
1002,1988,4,Male,31,67
1411,1962,6,Female,57,66
1654,1976,4,Male,43,66
1330,1954,12,Female,65,61
790,1985,3,Female,34,65
552,1965,4,Male,54,66
139,1947,1,Female,73,65
1280,1991,10,Male,28,66
883,1987,2,Male,33,60
359,1953,7,Male,66,61
1921,1975,3,Male,44,65
651,1966,5,Female,53,66
557,1960,9,Male,59,54
1071,1993,3,Male,26,69
1175,1926,9,Male,93,69
1936,1933,7,Female,86,68
182,1971,2,Female,49,70
468,1971,9,Female,48,65
1651,1986,3,Male,33,66
1714,1996,6,Female,23,65
1839,1960,6,Female,59,60
1585,1984,11,Female,35,69
1245,1965,9,Female,54,58
732,1959,8,Male,60,68
342,2001,6,Male,18,68
476,1951,9,Male,68,71
164,1943,8,Male,76,67
539,1998,8,Female,21,68
40,1948,6,Male,71,74
1,1976,4,Female,43,74
272,1989,8,Female,30,67
521,1998,9,Female,21,70
988,1951,4,Male,68,68
660,1988,9,Female,31,68
1381,1940,10,Male,79,68
184,1969,4,Female,50,69
1183,1966,5,Male,53,66
905,1950,11,Male,69,73
419,1959,11,Male,60,66
239,1993,3,Male,26,68
1241,1979,3,Female,40,69
383,1971,9,Male,48,66
1816,1980,4,Female,39,69
1501,1980,2,Male,40,67
497,1956,11,Male,63,65
893,2002,2,Male,18,68
44,1934,12,Male,85,67
661,1956,1,Male,64,67
939,1939,10,Female,80,59
947,1956,9,Male,63,71
1749,1969,7,Female,50,61
385,1941,2,Male,79,65
67,1996,4,Female,23,65
1298,1987,12,Female,32,70
913,1963,5,Male,56,70
1634,1953,3,Male,66,68
804,1955,7,Male,64,67
1703,1972,8,Female,47,65
1741,1927,10,Male,92,67
766,1975,8,Female,44,63
472,1969,4,Male,50,64
366,1969,12,Female,50,68
1205,1997,8,Male,22,69
1705,1970,2,Male,50,68
626,1997,6,Female,22,65
1638,1940,8,Female,79,64
1953,1991,1,Female,29,68
1771,1978,12,Male,41,66
931,1985,12,Male,34,73
1190,1970,8,Female,49,65
371,1937,3,Male,82,63
1404,1967,11,Female,52,71
1970,2001,6,Male,18,66
1364,1972,11,Male,47,72
327,1975,7,Male,44,67
1337,1993,9,Male,26,66
594,1990,12,Male,29,70
1704,1992,7,Male,27,62
1500,1967,1,Male,53,66
923,2002,1,Female,18,70
1788,1960,9,Female,59,66
129,1963,6,Female,56,63
1756,1989,10,Male,30,66
197,1987,5,Male,32,60
219,1973,2,Male,47,66
1820,1959,7,Female,60,65
405,1989,3,Male,30,67
726,1961,8,Male,58,67
20,1933,12,Female,86,67
216,1959,5,Female,60,66
293,1987,8,Female,32,63
1868,1995,8,Male,24,69
1996,1973,6,Female,46,66
1171,1929,12,Male,90,67
1154,1947,1,Male,73,71
819,1964,10,Female,55,77
1554,1970,4,Male,49,63
1079,1954,11,Female,65,60
681,2001,1,Female,19,60
240,1970,2,Male,50,68
751,1958,8,Female,61,64
773,1952,9,Male,67,65
1294,1980,7,Female,39,63
1567,1976,8,Female,43,68
132,1942,5,Female,77,72
512,1971,8,Male,48,62
501,1995,8,Male,24,65
178,1972,7,Female,47,66
1077,1962,12,Female,57,54
914,1982,1,Male,38,71
1840,1974,2,Female,46,71
550,1944,2,Male,76,70
1869,1991,9,Male,28,71
977,1936,12,Female,83,67
933,1969,5,Male,50,69
938,1991,7,Female,28,73
622,1996,12,Male,23,65
796,1994,5,Female,25,70
621,1968,3,Male,51,63
1038,1986,8,Female,33,65
1687,1949,12,Female,70,64
1890,1991,1,Male,29,65
544,1985,5,Female,34,65
810,1942,5,Female,77,65
58,1981,4,Female,38,66
1986,1975,12,Female,44,69
1084,1984,1,Male,36,66
1349,1971,8,Female,48,64
1825,1949,9,Female,70,65
98,1939,4,Female,80,67
615,1984,3,Female,35,65
1488,1985,11,Female,34,66
211,1976,5,Male,43,71
1443,1972,7,Male,47,69
801,1938,2,Female,82,69
655,1970,3,Female,49,66
669,1981,9,Female,38,62
1726,1952,10,Female,67,65
444,1995,9,Female,24,68
418,1990,7,Male,29,66
242,1978,6,Male,41,65
168,1968,7,Female,51,56
960,1990,8,Male,29,66
1911,1961,11,Female,58,75
259,1948,5,Female,71,65
300,1979,12,Male,40,64
1967,1964,9,Male,55,74
434,1988,10,Female,31,74
1076,1958,8,Female,61,66
723,1960,5,Female,59,68
1398,1967,4,Male,52,66
1464,1957,1,Female,63,61
1505,1990,11,Male,29,69
1130,1970,1,Female,50,65
62,1941,11,Female,78,68
1623,1987,4,Female,32,73
1416,1946,9,Female,73,65
1998,1954,9,Male,65,67
1299,1979,11,Female,40,70
303,1926,1,Male,94,66
1138,1968,3,Female,51,64
1750,1973,2,Female,47,55
1117,1970,4,Female,49,68
1322,1984,5,Female,35,62
878,1974,3,Male,45,65
609,1961,2,Male,59,62
761,2001,3,Female,18,69
1313,1985,1,Male,35,67
1558,1973,2,Female,47,65
399,1982,5,Female,37,68
325,1974,11,Male,45,57
689,1954,3,Female,65,62
1763,1970,6,Male,49,66
717,1996,8,Female,23,65
884,1945,2,Male,75,64
1701,1963,4,Male,56,67
117,2000,1,Male,20,71
126,1956,10,Male,63,65
1051,1987,11,Female,32,71
462,1956,9,Female,63,57
1454,1990,1,Male,30,64
467,1981,9,Male,38,65
1802,1980,11,Female,39,62
1563,1970,8,Female,49,67
1235,2002,2,Male,18,65
587,1999,8,Male,20,62
709,1993,9,Female,26,66
1036,2000,5,Male,19,68
372,1988,1,Male,32,71
929,1956,4,Female,63,62
253,1959,1,Male,61,62
1549,1952,1,Male,68,74
529,1964,8,Male,55,68
1306,1973,5,Female,46,58
1798,1940,4,Male,79,65
389,1992,7,Male,27,67
1829,1995,2,Male,25,68
1392,1995,5,Male,24,61
1949,1991,7,Female,28,67
1881,1952,9,Male,67,67
1706,1995,4,Female,24,67
848,1968,5,Male,51,69
1044,1989,6,Male,30,60
1112,1985,11,Female,34,66
802,1984,3,Female,35,67
859,1968,4,Male,51,72
441,1978,6,Female,41,64
879,1966,2,Male,54,66
1437,1942,4,Female,77,65
1413,1980,5,Female,39,65
1710,1986,10,Female,33,69
1037,1981,9,Male,38,67
966,1993,4,Female,26,69
107,1970,1,Male,50,70
1247,1950,9,Female,69,71
700,1998,12,Female,21,68
1363,2002,2,Male,18,66
10,1990,2,Male,30,66
1725,1970,9,Female,49,66
1145,1977,1,Female,43,65
864,1963,10,Female,56,69
1357,1944,12,Female,75,65
1344,1958,11,Male,61,65
1252,1996,7,Female,23,70
935,2002,1,Female,18,71
1748,1975,7,Female,44,71
1123,1975,7,Male,44,66
546,1969,1,Male,51,68
430,1967,5,Female,52,67
61,1976,2,Female,44,65
1621,1953,9,Male,66,69
413,1998,3,Male,21,70
269,1998,5,Female,21,69
37,1978,7,Female,41,60
1793,1982,8,Male,37,63
1846,1937,10,Male,82,64
116,1988,8,Male,31,68
752,1954,6,Female,65,64
1185,1990,11,Female,29,66
683,1959,1,Male,61,66
903,1994,8,Male,25,67
559,1963,5,Male,56,59
1338,1986,12,Male,33,67
75,1939,12,Female,80,66
861,1997,7,Female,22,67
100,1963,9,Male,56,66
1140,1975,7,Male,44,65
531,2001,12,Male,18,68
279,1995,2,Female,25,64
362,1983,1,Male,37,59
1458,1987,6,Male,32,66
976,1952,8,Female,67,69
71,1980,5,Male,39,69
375,1970,2,Female,50,66
403,1986,7,Male,33,72
983,1942,8,Male,77,67
435,1948,8,Female,71,66
542,1967,7,Female,52,65
1090,1960,10,Female,59,66
60,1972,8,Female,47,64
287,1977,8,Female,42,73
1857,1987,8,Male,32,66
1291,1976,11,Male,43,64
408,1961,4,Female,58,62
173,1956,5,Female,63,62
1787,1967,9,Female,52,66
1800,1958,2,Male,62,55
438,1987,10,Female,32,66
1988,1960,8,Male,59,67
1143,2000,2,Female,20,61
1250,1935,1,Female,85,67
1767,1998,9,Female,21,65
1072,1972,1,Female,48,62
1841,1991,5,Female,28,71
1202,1956,10,Female,63,65
235,1987,12,Female,32,67
1766,1957,9,Male,62,66
1702,1967,2,Female,53,68
1142,1967,3,Male,52,62
1653,1978,1,Male,42,63
1982,1990,2,Male,30,71
1423,1996,3,Female,23,55
48,1950,4,Male,69,63
1582,1996,10,Female,23,71
656,1958,5,Female,61,64
500,1998,4,Female,21,67
1862,1994,4,Female,25,65
1850,2001,9,Female,18,61
1808,1988,8,Female,31,69
277,1974,2,Male,46,68
1716,2001,4,Female,18,65
516,1984,10,Male,35,66
620,1993,5,Male,26,61
159,1966,7,Male,53,69
478,1965,9,Male,54,71
772,1957,10,Female,62,65
1537,1984,6,Female,35,69
1429,1957,7,Female,62,66
1228,1965,7,Male,54,61
991,1967,8,Male,52,60
1249,2002,1,Female,18,65
1242,1967,10,Female,52,69
1759,1932,11,Female,87,69
1058,1958,3,Male,61,67
1730,1967,10,Female,52,65
1632,1999,8,Female,20,70
1224,1977,9,Male,42,66
1940,1979,10,Female,40,65
1132,2002,2,Female,18,69
895,1973,8,Female,46,70
1556,1989,7,Female,30,67
1025,2000,10,Male,19,62
1972,1946,3,Female,73,68
86,1995,6,Male,24,65
344,2002,1,Male,18,63
1189,1956,11,Female,63,68
921,1945,5,Male,74,66
393,1978,12,Male,41,64
1254,1959,2,Female,61,65
212,1968,2,Male,52,67
1262,1963,11,Female,56,68
122,1954,3,Female,65,66
1118,1994,8,Female,25,70
974,1960,9,Male,59,65
1274,1970,4,Female,49,61
1453,1982,11,Female,37,73
337,1999,9,Male,20,74
1023,1970,10,Female,49,69
1903,1969,9,Female,50,68
604,1959,12,Male,60,65
1637,1988,2,Female,32,66
1470,1931,9,Male,88,57
1856,1968,11,Male,51,65
907,1987,11,Male,32,71
1923,1977,8,Male,42,67
674,1957,1,Female,63,66
1665,2001,1,Male,19,62
548,1986,6,Male,33,69
209,1959,1,Female,61,67
730,1968,8,Male,51,69
670,1998,3,Female,21,71
627,1969,11,Male,50,62
924,1972,1,Female,48,75
894,1978,5,Female,41,68
1633,1984,1,Male,36,65
1593,1995,12,Male,24,69
720,1983,5,Female,36,65
264,1970,8,Male,49,67
827,1958,4,Female,61,71
414,1975,1,Female,45,66
1439,1991,11,Female,28,65
843,1984,8,Male,35,64
1008,1968,2,Female,52,69
1834,1987,7,Female,32,66
1126,2002,1,Male,18,64
881,1958,3,Female,61,70
679,1962,11,Male,57,69
1333,2001,9,Male,18,69
398,1970,11,Female,49,69
151,2002,2,Female,18,65
106,1967,10,Male,52,60
1784,1969,1,Male,51,68
1924,1973,1,Male,47,57
671,1982,4,Female,37,66
1472,1976,6,Male,43,69
855,1969,1,Male,51,65
981,1975,11,Male,44,68
1030,1975,10,Male,44,71
384,1999,11,Male,20,68
80,1937,8,Female,82,67
1331,1971,2,Female,49,70
205,1982,1,Male,38,68
1048,1960,12,Female,59,63
1801,2001,9,Female,18,64
1490,1989,4,Female,30,69
818,1965,3,Female,54,66
1463,1940,1,Female,80,69
1835,1994,8,Female,25,65
952,1990,5,Male,29,66
616,1974,5,Female,45,72
638,1955,2,Female,65,65
1366,1994,9,Female,25,63
443,1988,5,Male,31,71
336,1996,12,Male,23,65
611,1996,7,Male,23,65
973,1964,5,Male,55,68
632,1999,12,Female,20,67
1918,1974,6,Male,45,67
1827,1960,5,Male,59,67
70,2000,2,Male,20,64
672,1983,2,Male,37,68
1461,1978,12,Female,41,72
510,1992,10,Male,27,65
256,1945,2,Male,75,65
1410,1998,1,Female,22,63
574,1997,12,Male,22,66
1837,1953,5,Female,66,66
1974,1945,4,Female,74,57
30,1996,8,Female,23,59
1270,1988,4,Female,31,67
1815,1960,3,Female,59,66
805,2000,3,Female,19,65
464,1983,11,Male,36,64
1042,1997,10,Female,22,67
1579,1938,6,Female,81,70
830,1990,10,Female,29,71
465,1972,5,Male,47,72
1954,1973,1,Female,47,68
959,1984,11,Female,35,67
1049,1953,11,Female,66,67
1925,1994,11,Male,25,63
1088,1970,11,Female,49,65
14,1940,12,Female,79,57
162,1983,1,Male,37,69
1692,1938,8,Female,81,59
380,1974,1,Male,46,70
141,1949,7,Male,70,66
1348,1936,6,Male,83,64
1256,1982,9,Male,37,68
1690,2001,3,Female,18,67
169,1934,5,Male,85,71
1955,1934,4,Female,85,62
1807,1972,12,Female,47,65
102,1987,7,Female,32,67
257,1967,9,Male,52,65
911,2001,11,Male,18,68
987,1967,10,Male,52,67
101,2002,1,Female,18,62
1141,1953,10,Male,66,57
1682,1962,5,Male,57,69
481,2002,2,Male,18,67
978,1998,7,Female,21,62
1550,2001,4,Male,18,67
1162,1997,12,Female,22,69
172,1972,4,Female,47,66
892,1981,7,Female,38,66
315,1966,1,Male,54,69
1739,1970,8,Male,49,62
836,2002,1,Male,18,65
39,1965,5,Female,54,67
155,1933,11,Female,86,69
1305,1974,2,Female,46,73
1504,1934,7,Male,85,71
1105,1942,6,Male,77,60
1761,1996,10,Female,23,71
215,2002,2,Male,18,65
948,1966,12,Female,53,65
862,1995,1,Female,25,67
1514,1966,11,Female,53,58
1698,1987,7,Male,32,64
1316,1993,2,Female,27,65
1831,1994,5,Female,25,60
889,1992,3,Male,27,65
526,1968,3,Female,51,62
231,1964,3,Female,55,67
910,1989,2,Male,31,57
876,1954,5,Male,65,62
1509,1952,8,Female,67,71
1422,1953,7,Female,66,66
1400,1990,5,Male,29,71
492,1978,9,Male,41,70
1516,1981,3,Male,38,67
1649,1956,2,Male,64,63
1573,1949,1,Male,71,56
583,1955,11,Male,64,67
1811,1936,3,Male,83,67
1054,1970,2,Male,50,69
1678,1983,3,Male,36,65
333,2000,1,Female,20,64
1412,1961,6,Female,58,67
177,1965,12,Female,54,66
390,1989,4,Male,30,70
1577,1966,12,Male,53,66
1609,1948,7,Female,71,68
1762,1990,5,Male,29,64
917,1962,1,Male,58,66
1717,1952,7,Female,67,67
1355,1966,1,Male,54,67
1668,1927,6,Male,92,67
1293,1988,1,Female,32,65
1597,1999,7,Male,20,66
202,1999,7,Female,20,66
493,2002,1,Male,18,65
361,1976,6,Male,43,68
1659,1926,1,Female,94,65
289,1997,12,Female,22,64
737,1958,3,Female,61,60
1733,1972,6,Female,47,66
278,1960,9,Male,59,66
618,1987,8,Male,32,67
753,1967,2,Female,53,66
489,1983,8,Male,36,66
90,1956,8,Male,63,62
1264,1987,8,Female,32,65
18,1989,12,Male,30,62
376,1969,4,Female,50,74
579,1989,7,Male,30,67
218,1960,3,Female,59,68
1320,1991,10,Female,28,64
42,1941,11,Female,78,66
1170,1980,2,Female,40,63
1531,1985,10,Male,34,62
1275,1984,3,Female,35,65
26,1970,12,Female,49,68
1937,1955,2,Female,65,62
1177,1983,3,Female,36,66
1032,1957,6,Female,62,60
397,1989,4,Female,30,65
566,1959,10,Female,60,67
1581,1981,11,Female,38,65
1332,1956,6,Male,63,68
1648,1953,5,Female,66,69
17,1943,7,Male,76,65
349,1979,12,Female,40,61
1200,1956,2,Male,64,64
228,1966,1,Female,54,66
484,1936,1,Female,84,64
1099,1997,4,Male,22,65
1480,1970,6,Male,49,64
1449,1953,6,Male,66,63
1417,1965,3,Female,54,68
267,1958,3,Female,61,66
373,1959,2,Male,61,63
1772,1972,10,Male,47,70
1418,1994,5,Female,25,69
1774,1967,10,Male,52,69
964,1971,12,Female,48,66
72,1982,12,Male,37,66
6,2000,6,Female,19,63
1527,1953,11,Female,66,67
1433,1946,3,Male,73,67
1785,1979,10,Male,40,64
1476,1990,3,Female,29,66
455,1979,1,Female,41,69
1553,1998,10,Male,21,62
532,1993,1,Male,27,65
1092,1965,5,Male,54,62
1819,1999,8,Female,20,69
528,1981,7,Male,38,65
328,1974,3,Male,45,67
1282,1985,3,Female,34,66
783,1957,9,Male,62,61
1325,1996,3,Female,23,66
687,1999,11,Male,20,66
1693,1983,4,Female,36,69
1542,1973,12,Female,46,69
36,1988,6,Male,31,63
360,1976,4,Male,43,67
555,1988,5,Male,31,63
136,2001,4,Female,18,66
603,1978,2,Female,42,67
1794,1970,12,Male,49,58
329,1949,3,Male,70,65
1181,1958,4,Male,61,66
598,1972,11,Male,47,63
990,1929,1,Female,91,67
1777,1972,5,Male,47,67
998,2001,11,Male,18,67
1872,1957,10,Male,62,65
1743,2002,1,Female,18,75
1000,1999,8,Female,20,73
1708,1997,7,Male,22,66
799,1985,7,Female,34,68
144,1975,3,Female,44,67
781,1989,9,Male,30,74
1572,1979,7,Female,40,70
793,1946,8,Female,73,60
1681,1998,6,Male,21,72
1179,1969,7,Female,50,71
114,1972,12,Female,47,65
271,1989,7,Female,30,65
1107,1949,1,Female,71,69
517,1986,11,Male,33,71
624,1987,2,Male,33,66
1215,1967,2,Female,53,68
1992,1956,7,Female,63,72
968,1998,9,Female,21,69
19,1937,5,Female,82,68
1605,1980,5,Male,39,67
463,1987,5,Female,32,74
1365,2002,2,Male,18,65
809,1965,5,Female,54,66
590,1982,6,Male,37,66
1904,1951,2,Male,69,70
545,1964,10,Male,55,67
789,1976,11,Female,43,60
742,1950,12,Female,69,67
612,1931,9,Female,88,67
536,1998,8,Male,21,62
523,1992,6,Female,27,65
928,1960,12,Female,59,66
1642,1982,4,Female,37,66
495,1970,8,Male,49,63
166,1936,4,Female,83,64
1277,1987,1,Male,33,65
718,1971,8,Male,48,63
1962,1985,9,Male,34,68
133,1988,10,Female,31,65
682,1961,10,Male,58,62
795,1979,3,Female,40,58
1849,1980,11,Female,39,66
1732,1969,7,Female,50,60
167,1994,1,Female,26,72
1496,1999,9,Male,20,65
853,1990,8,Female,29,67
237,1977,8,Male,42,72
769,1966,10,Female,53,66
2,1971,8,Male,48,64
313,1987,6,Female,32,68
1624,1996,7,Male,23,74
958,2001,9,Female,18,65
989,1941,9,Male,78,66
1562,1982,2,Female,38,65
1983,1969,3,Male,50,67
1091,1987,5,Female,32,66
759,1959,12,Male,60,65
779,1938,3,Female,81,69
105,1965,8,Male,54,68
1618,1966,12,Male,53,66
1168,1968,10,Male,51,68
1237,1973,9,Female,46,66
699,1978,2,Male,42,68
646,1981,12,Female,38,65
499,1996,9,Male,23,66
1403,1945,11,Male,74,61
631,1936,5,Female,83,65
1070,1958,11,Male,61,65
291,1956,1,Female,64,66
738,1962,10,Female,57,67
142,1960,11,Female,59,68
1375,1996,4,Female,23,70
459,1954,5,Male,65,70
281,1996,2,Male,24,65
498,1999,6,Male,20,61
55,1958,3,Female,61,68
1370,1958,1,Female,62,66
897,1989,8,Female,30,64
262,2002,2,Male,18,60
1781,1990,3,Male,29,53
457,1985,10,Female,34,65
160,1975,10,Male,44,68
1655,1962,12,Male,57,63
984,1956,3,Female,63,66
1329,1995,3,Female,24,68
1535,1960,8,Male,59,64
1220,1997,4,Female,22,62
833,1998,11,Female,21,65
295,1966,11,Male,53,69
1434,1957,10,Male,62,67
208,1982,7,Female,37,66
1909,1963,5,Male,56,66
1356,1936,1,Male,84,70
265,1975,10,Female,44,70
1947,1932,4,Male,87,66
1089,1988,9,Female,31,75
1790,1998,3,Male,21,69
1999,2000,12,Male,19,69
614,1935,9,Female,84,66
814,1948,1,Male,72,65
175,1986,6,Female,33,63
305,1968,10,Male,51,65
1225,1965,11,Male,54,70
1405,1974,4,Male,45,71
1478,1980,10,Female,39,66
1920,1955,7,Male,64,66
241,1961,4,Female,58,67
331,1985,6,Male,34,68
8,1998,8,Male,21,69
1354,1985,4,Male,34,59
1258,1940,5,Female,79,65
919,1965,3,Female,54,62
1447,1987,2,Male,33,60
902,1988,4,Male,31,64
1318,2002,2,Female,18,65
1545,1999,12,Male,20,63
1001,1999,10,Male,20,62
1315,1962,8,Female,57,70
323,1965,7,Male,54,66
625,2000,12,Female,19,66
979,1961,2,Male,59,62
537,2000,10,Female,19,71
1096,1960,10,Male,59,67
1347,1955,5,Female,64,64
1395,1961,9,Male,58,65
1614,1979,9,Female,40,70
1212,1987,2,Male,33,58
1588,1977,8,Male,42,69
121,1985,11,Female,34,66
1773,1997,9,Male,22,70
1859,1952,1,Male,68,66
1339,1994,8,Male,25,70
1894,1999,1,Female,21,70
77,1920,10,Female,99,67
1222,1977,12,Female,42,66
363,1967,9,Female,52,66
634,1970,8,Female,49,74
628,1963,1,Male,57,66
756,1953,10,Female,66,65
971,1999,10,Female,20,66
111,1994,10,Female,25,65
312,2002,2,Female,18,68
1627,1990,6,Male,29,65
1359,1984,7,Female,35,70
174,1996,4,Female,23,69
420,1998,2,Male,22,62
488,1985,6,Male,34,69
7,1945,5,Male,74,61
863,1959,12,Female,60,68
1854,1972,1,Male,48,69
1041,1971,9,Female,48,62
1616,1971,8,Male,48,70
1805,1981,5,Male,38,68
1284,1969,9,Female,50,64
1735,1963,5,Male,56,66
1528,1942,1,Female,78,73
1278,2000,9,Male,19,70
591,1969,11,Male,50,60
97,1950,3,Female,69,60
31,1968,6,Female,51,65
1380,1982,9,Male,37,66
1240,1963,5,Female,56,67
932,1953,2,Male,67,69
378,2001,5,Female,18,60
647,1988,7,Female,31,72
391,1934,7,Female,85,66
588,1998,6,Male,21,66
986,1987,7,Male,32,70
1944,1957,11,Female,62,65
185,1973,1,Female,47,67
1007,1954,2,Male,66,60
1110,1998,11,Female,21,60
